SURVYEAR,FIPST,STABR,STATENAME,SEANAME,PK,KG,G01,G02,G03,G04,G05,G06,G07,G08,G09,G10,G11,G12,G13,UG,AE,TOTAL,MEMBER,AMPKM,AMPKF,ASPKM,ASPKF,HIPKM,HIPKF,BLPKM,BLPKF,WHPKM,WHPKF,HPPKM,HPPKF,TRPKM,TRPKF,AMKGM,AMKGF,ASKGM,ASKGF,HIKGM,HIKGF,BLKGM,BLKGF,WHKGM,WHKGF,HPKGM,HPKGF,TRKGM,TRKGF,AM01M,AM01F,AS01M,AS01F,HI01M,HI01F,BL01M,BL01F,WH01M,WH01F,HP01M,HP01F,TR01M,TR01F,AM02M,AM02F,AS02M,AS02F,HI02M,HI02F,BL02M,BL02F,WH02M,WH02F,HP02M,HP02F,TR02M,TR02F,AM03M,AM03F,AS03M,AS03F,HI03M,HI03F,BL03M,BL03F,WH03M,WH03F,HP03M,HP03F,TR03M,TR03F,AM04M,AM04F,AS04M,AS04F,HI04M,HI04F,BL04M,BL04F,WH04M,WH04F,HP04M,HP04F,TR04M,TR04F,AM05M,AM05F,AS05M,AS05F,HI05M,HI05F,BL05M,BL05F,WH05M,WH05F,HP05M,HP05F,TR05M,TR05F,AM06M,AM06F,AS06M,AS06F,HI06M,HI06F,BL06M,BL06F,WH06M,WH06F,HP06M,HP06F,TR06M,TR06F,AM07M,AM07F,AS07M,AS07F,HI07M,HI07F,BL07M,BL07F,WH07M,WH07F,HP07M,HP07F,TR07M,TR07F,AM08M,AM08F,AS08M,AS08F,HI08M,HI08F,BL08M,BL08F,WH08M,WH08F,HP08M,HP08F,TR08M,TR08F,AM09M,AM09F,AS09M,AS09F,HI09M,HI09F,BL09M,BL09F,WH09M,WH09F,HP09M,HP09F,TR09M,TR09F,AM10M,AM10F,AS10M,AS10F,HI10M,HI10F,BL10M,BL10F,WH10M,WH10F,HP10M,HP10F,TR10M,TR10F,AM11M,AM11F,AS11M,AS11F,HI11M,HI11F,BL11M,BL11F,WH11M,WH11F,HP11M,HP11F,TR11M,TR11F,AM12M,AM12F,AS12M,AS12F,HI12M,HI12F,BL12M,BL12F,WH12M,WH12F,HP12M,HP12F,TR12M,TR12F,AM13M,AM13F,AS13M,AS13F,HI13M,HI13F,BL13M,BL13F,WH13M,WH13F,HP13M,HP13F,TR13M,TR13F,AMUGM,AMUGF,ASUGM,ASUGF,HIUGM,HIUGF,BLUGM,BLUGF,WHUGM,WHUGF,HPUGM,HPUGF,TRUGM,TRUGF,AMAEM,AMAEF,ASAEM,ASAEF,HIAEM,HIAEF,BLAEM,BLAEF,WHAEM,WHAEF,HPAEM,HPAEF,TRAEM,TRAEF,AM,AMALM,AMALF,AS,ASALM,ASALF,HI,HIALM,HIALF,BL,BLALM,BLALF,WH,WHALM,WHALF,HP,HPALM,HPALF,TR,TRALM,TRALF,IPK,IKG,IG01,IG02,IG03,IG04,IG05,IG06,IG07,IG08,IG09,IG10,IG11,IG12,IG13,IUG,IAE,ITOTAL,IMEMBER
2015-2016,01,AL,ALABAMA,Alabama Department Of Education,13230,55613,59023,58766,57963,55808,55340,54900,55172,55792,60507,57689,53318,50668,-2,-2,-1,743789,743789,37,46,73,68,501,429,2694,2630,3502,2885,11,5,165,184,198,196,379,360,2404,2343,9348,8799,15617,14374,31,34,782,748,227,205,388,401,2594,2422,10159,9592,16290,14860,26,32,937,890,218,232,431,394,2461,2385,10038,9726,15919,15264,22,31,809,836,204,250,419,429,2486,2357,9822,9370,16003,15133,26,31,714,719,245,238,410,408,2160,2082,9151,8954,15951,14862,21,31,667,628,244,249,431,401,1922,1928,8964,8541,16312,15157,26,22,559,584,268,274,464,424,1918,1809,9131,8577,15955,15055,24,20,503,478,271,252,391,407,1826,1736,9099,8625,16355,15279,30,20,445,436,284,290,353,364,1737,1632,9387,9111,16457,15317,19,30,393,418,293,241,384,408,1935,1745,11019,10035,17450,16144,25,32,430,366,268,295,409,429,1624,1523,9756,9824,16783,16017,16,26,353,366,250,266,348,378,1337,1269,8670,9027,15809,15338,19,23,279,305,256,269,359,332,1092,1070,8318,8879,15088,14454,22,16,260,253,-2,-2,-2,-2,-2,-2,-2,-2,-2,-2,-2,-2,-2,-2,-2,-2,-2,-2,-2,-2,-2,-2,-2,-2,-2,-2,-2,-2,-1,-1,-1,-1,-1,-1,-1,-1,-1,-1,-1,-1,-1,-1,6566,3263,3303,10442,5239,5203,50727,25997,24730,247246,125556,121690,413630,213491,200139,671,318,353,14507,7296,7211,R,R,R,R,R,R,R,R,R,R,R,R,R,R,A,A,R,R,R
2015-2016,02,AK,ALASKA,Alaska Department of Education and Early Development,3369,10409,10587,10512,10441,10118,9793,9648,9512,9400,9869,9632,9536,9651,-2,-2,-1,132477,132477,727,632,56,36,104,61,49,37,730,483,48,28,220,158,1189,1170,269,237,335,365,131,145,2624,2410,150,143,633,608,1316,1188,250,266,392,345,151,148,2654,2318,151,123,663,622,1186,1112,304,249,365,377,151,162,2646,2427,147,130,651,605,1257,1107,316,273,361,349,164,148,2561,2415,161,145,612,572,1145,1103,295,281,360,349,153,153,2568,2299,120,134,564,594,1133,1086,286,270,333,315,158,165,2407,2294,146,154,535,511,1115,1022,304,285,325,273,158,156,2399,2321,133,144,515,498,1048,1053,300,298,314,291,159,135,2461,2273,135,134,477,434,1082,1017,318,300,310,313,170,164,2383,2161,120,130,459,473,1287,1111,351,330,333,288,150,155,2435,2274,133,121,475,426,1159,1064,339,338,339,303,167,186,2411,2237,132,117,446,394,1033,1023,329,325,330,323,184,158,2495,2300,131,126,418,361,1103,1079,329,332,335,332,180,154,2486,2310,142,114,359,396,-2,-2,-2,-2,-2,-2,-2,-2,-2,-2,-2,-2,-2,-2,-2,-2,-2,-2,-2,-2,-2,-2,-2,-2,-2,-2,-2,-2,-1,-1,-1,-1,-1,-1,-1,-1,-1,-1,-1,-1,-1,-1,30547,15780,14767,7866,4046,3820,8820,4536,4284,4191,2125,2066,63782,33260,30522,3592,1849,1743,13679,7027,6652,R,R,R,R,R,R,R,R,R,R,R,R,R,R,A,A,R,R,R
2015-2016,04,AZ,ARIZONA,Arizona Department of Education,8747,79396,84804,87325,88194,86594,85719,85202,85222,84084,85281,83730,79714,84854,0,174,0,1109040,1109040,294,136,148,59,2596,1070,251,100,2564,1214,17,6,205,87,1703,1681,1151,1051,18570,17946,2107,1965,15480,14604,151,136,1480,1371,2004,1817,1207,1174,20059,18947,2295,2057,16677,15495,149,124,1431,1368,1954,1839,1225,1133,20832,20109,2275,2144,16774,15868,155,143,1481,1393,2031,1931,1236,1192,20789,19877,2356,2131,17094,16424,152,159,1445,1377,1949,1921,1183,1164,20148,19312,2315,2179,17173,16292,165,177,1281,1335,2026,2020,1190,1254,19483,18938,2272,2164,17409,16389,138,131,1176,1129,2015,1912,1298,1236,19577,18348,2393,2153,17429,16461,143,121,1050,1066,1866,1952,1204,1203,19169,18496,2351,2196,17794,16754,143,109,1024,961,1936,1883,1168,1246,18831,18363,2408,2226,17566,16420,124,105,930,878,1905,1898,1194,1195,19518,18716,2344,2191,17498,16691,166,136,900,929,1952,1904,1162,1203,18548,18074,2403,2231,17335,16863,96,126,925,908,1875,1877,1160,1123,17308,16871,2257,2060,16914,16232,131,132,886,888,2011,2032,1199,1084,19132,18225,2624,2254,17643,16631,149,135,890,845,-1,-1,-1,-1,-1,-1,-1,-1,-1,-1,-1,-1,-1,-1,5,2,6,2,59,26,8,5,43,9,0,0,7,2,-1,-1,-1,-1,-1,-1,-1,-1,-1,-1,-1,-1,-1,-1,50331,25526,24805,31050,15731,15319,497937,254619,243318,58715,30659,28056,437740,225393,212347,3619,1879,1740,29648,15111,14537,R,R,R,R,R,R,R,R,R,R,R,R,R,R,R,R,R,R,R
2015-2016,05,AR,ARKANSAS,ARKANSAS DEPARTMENT OF EDUCATION,16083,37509,38160,38590,38410,35893,35850,36020,36245,36882,38044,36951,34862,32385,-2,248,0,492132,492132,32,35,79,82,1189,1287,2149,2226,4281,4272,55,55,154,187,123,104,309,277,2535,2360,4022,3840,11769,10818,167,157,507,521,111,108,315,303,2627,2484,4028,3898,12057,11034,139,167,445,444,108,100,318,295,2559,2452,4180,4025,11887,11344,166,131,506,519,104,127,293,260,2562,2584,3960,3917,11981,11337,127,138,517,503,112,100,255,266,2420,2335,3550,3510,11457,10700,159,122,458,449,112,112,295,294,2387,2093,3579,3606,11501,10789,130,124,416,412,115,117,244,324,2295,2186,3595,3556,11534,10975,133,104,415,427,126,117,281,260,2242,2174,3794,3499,11938,10815,134,100,385,380,131,124,270,235,2244,2137,3805,3725,11903,11363,120,129,337,359,132,128,307,269,2239,2046,4167,3837,12472,11485,122,128,373,339,142,124,296,341,2116,2007,3839,3774,12041,11373,117,112,349,320,120,128,292,303,1945,1831,3490,3644,11446,10888,105,95,289,286,118,120,303,269,1657,1606,3338,3583,10513,10167,69,59,277,306,-2,-2,-2,-2,-2,-2,-2,-2,-2,-2,-2,-2,-2,-2,0,0,2,1,19,9,53,20,99,41,0,0,3,1,-1,-1,-1,-1,-1,-1,-1,-1,-1,-1,-1,-1,-1,-1,3130,1586,1544,7638,3859,3779,60627,31036,29591,102209,51549,50660,304280,156879,147401,3364,1743,1621,10884,5431,5453,R,R,R,R,R,R,R,R,R,R,R,R,R,R,A,R,R,R,R
2015-2016,06,CA,CALIFORNIA,California Department of Education,-1,530531,444573,463881,470157,485885,476427,471467,470753,465322,487202,488004,472968,492835,-2,6732,-1,6226737,6226737,-1,-1,-1,-1,-1,-1,-1,-1,-1,-1,-1,-1,-1,-1,1301,1317,28519,26554,150364,143520,14396,13527,63586,58355,1130,1120,13882,12960,1141,1076,24328,22585,125866,118907,12478,11862,53509,48990,999,916,11271,10645,1221,1118,26159,24266,132065,124545,13130,12501,55270,50861,1090,1040,10607,10008,1201,1250,26523,24519,132232,126823,13479,12755,56992,52611,1137,1077,9986,9572,1313,1280,27508,26061,137193,131175,13873,13153,58565,54509,1118,1132,9856,9149,1283,1241,27590,26496,132432,127512,13741,12920,58611,54779,1172,1187,8798,8665,1316,1273,28457,27014,128990,123882,13866,12991,59591,54945,1262,1126,8574,8180,1326,1275,28832,27087,128331,122629,14002,13097,59791,56261,1224,1086,8023,7789,1378,1350,28229,26507,126695,121623,14251,13743,59138,55554,1196,1210,7317,7131,1446,1412,29218,27348,133860,127700,14960,14535,61082,57428,1216,1147,7962,7888,1576,1409,30700,28572,132092,125870,15013,14473,62340,58789,1281,1233,7405,7251,1532,1395,28994,26986,125629,120688,15312,14402,62837,58758,1279,1222,6978,6956,1722,1515,29997,27450,131484,125535,17180,15524,65029,60701,1459,1333,7016,6890,-2,-2,-2,-2,-2,-2,-2,-2,-2,-2,-2,-2,-2,-2,21,16,627,269,1765,1155,378,210,1336,714,28,16,132,65,-1,-1,-1,-1,-1,-1,-1,-1,-1,-1,-1,-1,-1,-1,34704,17777,16927,707395,365681,341714,3360562,1718998,1641564,361752,186059,175693,1500932,777677,723255,30436,15591,14845,230956,117807,113149,R,R,R,R,R,R,R,R,R,R,R,R,R,R,A,R,R,R,R
2015-2016,08,CO,COLORADO,Colorado Department of Education,32224,64631,67497,68811,69091,68176,67230,67115,67471,65957,67759,65603,62230,65317,-2,-2,-1,899112,899112,71,77,580,585,6489,6023,791,749,8702,6938,24,20,643,532,202,202,918,896,11156,10537,1467,1416,18035,16750,61,69,1521,1401,219,198,912,967,11933,11196,1568,1556,18553,17268,67,79,1489,1492,206,227,967,1011,12111,11464,1591,1555,18959,17544,91,78,1586,1421,229,219,978,1013,12079,11548,1640,1524,19014,17732,83,77,1511,1444,250,248,970,1023,11660,11018,1540,1468,18968,18101,74,75,1419,1362,236,244,1032,1120,11596,11143,1542,1467,18588,17494,86,69,1311,1302,253,272,1016,1093,11428,10954,1544,1400,18769,17805,76,72,1274,1159,264,245,1013,1164,11315,10970,1526,1468,19072,17833,75,89,1175,1262,241,241,1066,1110,11033,10576,1573,1425,18759,17453,78,52,1187,1163,289,265,1025,1059,11517,10896,1720,1558,18870,17966,82,79,1171,1262,270,258,984,1129,10797,10555,1721,1468,18650,17436,93,76,1095,1071,264,219,925,1043,9869,9552,1499,1468,17929,17214,71,103,1059,1015,273,242,1007,1127,10400,10292,1726,1590,18746,17670,87,91,1046,1020,-2,-2,-2,-2,-2,-2,-2,-2,-2,-2,-2,-2,-2,-2,-2,-2,-2,-2,-2,-2,-2,-2,-2,-2,-2,-2,-2,-2,-1,-1,-1,-1,-1,-1,-1,-1,-1,-1,-1,-1,-1,-1,6424,3267,3157,27733,13393,14340,300107,153383,146724,41560,21448,20112,486818,251614,235204,2077,1048,1029,34393,17487,16906,R,R,R,R,R,R,R,R,R,R,R,R,R,R,A,A,R,R,R
2015-2016,09,CT,CONNECTICUT,Connecticut State Department of Education,18385,36641,37799,38475,39575,39077,39678,39931,40996,40320,43819,41962,40954,40321,-2,0,-1,537933,537933,28,29,597,428,2731,2317,1503,1391,4829,3854,19,14,342,303,58,53,1029,994,5070,4674,2307,2205,9807,9001,19,12,715,697,47,65,1023,1077,5150,5004,2443,2261,9995,9334,26,24,677,673,53,36,1050,1041,5123,4769,2431,2434,10519,9655,15,20,676,653,42,50,1095,1074,5082,4875,2559,2391,10774,10239,24,24,630,716,47,56,1008,1009,4865,4641,2592,2419,10898,10342,20,10,607,563,53,61,1021,1006,4650,4607,2543,2370,11342,10978,25,20,517,485,48,51,1013,1013,4602,4323,2576,2419,11809,11053,17,18,517,472,53,65,1002,995,4644,4293,2601,2394,12289,11539,24,19,533,545,51,44,970,994,4396,4211,2648,2545,12167,11339,10,17,473,455,55,65,902,934,5342,4762,3161,2750,12949,11836,17,26,520,500,70,62,959,987,4402,4280,2952,2662,12608,12051,14,30,457,428,53,57,876,878,4080,3894,2897,2522,12725,12141,11,23,377,420,60,59,876,937,3671,3670,2552,2435,13016,12259,15,14,393,364,-2,-2,-2,-2,-2,-2,-2,-2,-2,-2,-2,-2,-2,-2,-1,-1,-1,-1,-1,-1,-1,-1,-1,-1,-1,-1,-1,-1,-1,-1,-1,-1,-1,-1,-1,-1,-1,-1,-1,-1,-1,-1,1471,718,753,26788,13421,13367,124128,63808,60320,68963,35765,33198,301348,155727,145621,527,256,271,14708,7434,7274,R,R,R,R,R,R,R,R,R,R,R,R,R,R,A,R,R,R,R
2015-2016,10,DE,DELAWARE,Delaware Department of Education,1553,10040,10544,10793,10532,10533,10352,10251,10314,10090,11387,10536,9140,8782,0,-2,0,134847,134847,1,0,37,20,203,87,249,120,550,239,2,0,32,13,12,12,198,202,913,883,1538,1410,2320,2088,4,5,237,218,20,23,211,213,928,944,1651,1543,2314,2214,7,16,246,214,14,21,195,196,1024,996,1649,1584,2407,2252,4,8,223,220,24,21,192,186,924,890,1567,1614,2375,2285,5,6,222,221,18,21,207,191,889,950,1563,1539,2422,2303,6,9,193,222,24,19,186,215,926,855,1548,1557,2346,2263,7,7,199,200,21,23,154,208,818,763,1626,1608,2452,2283,7,4,144,140,23,24,184,178,853,832,1617,1507,2474,2373,5,3,127,114,25,23,180,198,816,701,1650,1540,2424,2283,4,8,120,118,18,23,220,155,865,774,1990,1879,2800,2398,7,4,124,130,21,16,195,196,758,719,1785,1603,2603,2381,5,10,113,131,17,12,184,148,553,627,1297,1401,2395,2307,5,4,91,99,25,17,174,158,527,519,1319,1369,2269,2264,5,4,57,75,0,0,0,0,0,0,0,0,0,0,0,0,0,0,-2,-2,-2,-2,-2,-2,-2,-2,-2,-2,-2,-2,-2,-2,0,0,0,0,0,0,0,0,0,0,0,0,0,0,518,263,255,4981,2517,2464,21537,10997,10540,41323,21049,20274,62084,32151,29933,161,73,88,4243,2128,2115,R,R,R,R,R,R,R,R,R,R,R,R,R,R,R,A,R,R,R
2015-2016,11,DC,DISTRICT OF COLUMBIA,WASHINGTON DC OFFICE OF THE ST SUPT OF EDUCATION,12316,7319,7056,6789,6464,5701,5250,4703,4603,4430,6522,4417,4078,3867,-2,509,4176,88200,84024,12,8,81,93,863,770,4268,4206,880,821,10,5,149,150,8,13,54,55,531,560,2449,2437,523,493,4,4,88,100,7,8,66,35,569,546,2452,2268,462,476,0,3,77,87,5,4,49,45,563,569,2318,2299,417,376,4,3,66,71,5,3,39,48,539,512,2255,2172,382,373,5,8,58,65,1,2,44,41,518,439,1975,1962,309,287,3,1,52,67,3,2,30,38,414,382,1863,1845,270,295,5,0,54,49,2,3,41,34,300,315,1774,1708,233,210,5,4,36,38,5,4,45,37,323,332,1726,1642,220,195,2,4,34,34,5,6,31,32,332,338,1640,1609,204,169,2,4,25,33,3,3,39,56,562,461,2622,2371,179,168,3,2,24,29,3,5,28,35,367,320,1685,1679,123,113,4,0,21,34,4,2,31,25,335,280,1531,1624,105,98,3,3,19,18,1,2,22,34,228,241,1476,1600,115,95,1,1,28,23,-2,-2,-2,-2,-2,-2,-2,-2,-2,-2,-2,-2,-2,-2,0,0,4,0,243,149,61,51,1,0,0,0,0,0,-1,3,28,72,777,1194,739,1289,33,34,2,-1,2,3,129,64,65,1212,604,608,12901,6687,6214,59568,30095,29473,8592,4423,4169,93,51,42,1529,731,798,R,R,R,R,R,R,R,R,R,R,R,R,R,R,A,R,R,R,R
2015-2016,12,FL,FLORIDA,FLORIDA DEPARTMENT OF EDUCATION,60122,199514,211687,217768,224595,215435,206157,206055,204343,206785,224319,217636,204941,192877,0,-2,0,2792234,2792234,75,65,671,412,11201,8332,10136,8247,11243,7715,42,29,1124,830,316,303,2608,2412,32417,30752,23625,21797,39956,37064,198,175,4083,3808,294,305,2650,2524,35290,33035,25061,23395,41862,38770,198,182,4163,3958,291,258,2857,2768,36649,34569,25091,23900,43011,39864,201,201,4094,4014,278,284,2942,2792,38222,35844,26214,24635,43699,41254,206,189,4139,3897,281,267,2902,2786,36204,34043,24558,23317,42697,40569,211,199,3758,3643,279,246,2933,2810,33747,32086,22800,21926,41804,39935,187,192,3622,3590,322,312,2819,2918,33557,31829,22779,21899,42326,39914,168,166,3566,3480,392,311,2952,2760,33037,31199,22771,21875,42331,39529,146,98,3561,3381,393,369,2734,2844,33311,31493,23340,22306,43158,40017,116,131,3284,3289,460,406,2969,2974,35331,33496,26027,24378,46635,44467,145,132,3444,3455,516,433,2917,2926,33897,32461,24626,24254,45197,43681,117,158,3203,3250,417,403,2743,2730,31291,30448,22785,22793,43439,41833,119,129,2827,2984,387,369,2745,2689,28586,28565,22172,21967,40286,39640,92,120,2492,2767,0,0,0,0,0,0,0,0,0,0,0,0,0,0,-2,-2,-2,-2,-2,-2,-2,-2,-2,-2,-2,-2,-2,-2,0,0,0,0,0,0,0,0,0,0,0,0,0,0,9032,4701,4331,73787,37442,36345,880892,452740,428152,628674,321985,306689,1101896,567644,534252,4247,2146,2101,93706,47360,46346,R,R,R,R,R,R,R,R,R,R,R,R,R,R,R,A,R,R,R
2015-2016,13,GA,GEORGIA,Georgia Department of Education,46685,128788,134520,137584,137678,134343,131777,130543,129945,131509,151978,135373,117169,109345,-2,0,-1,1757237,1757237,39,41,611,434,3707,3213,9274,8162,10791,8573,28,20,986,806,147,119,2485,2404,10895,10077,24031,22576,26372,24291,72,77,2663,2579,143,116,2622,2370,10996,10695,25546,24284,27008,25299,83,63,2726,2569,154,132,2659,2500,11364,10694,26201,25061,27851,25752,82,64,2526,2544,144,127,2642,2581,11333,10726,25805,25202,27708,26256,89,72,2471,2522,134,113,2598,2515,10745,10401,25198,23935,27719,26115,77,69,2369,2355,142,108,2655,2601,10413,9818,24168,23087,27820,26288,81,75,2303,2218,139,112,2673,2583,9809,9475,24063,23141,28046,26013,71,76,2149,2193,128,125,2644,2477,9630,9179,23965,23449,27884,25993,66,67,2240,2098,137,126,2483,2469,9490,9111,24617,23834,28442,26415,85,68,2102,2130,155,127,2708,2619,11492,9830,31147,28076,31848,29279,72,78,2362,2185,144,131,2504,2560,9101,8577,25453,25366,29502,27960,73,74,1937,1991,129,120,2308,2226,6725,6836,20685,22214,26487,25910,62,86,1653,1728,92,129,2264,2258,5789,5961,19158,21060,24596,24916,66,71,1407,1578,-2,-2,-2,-2,-2,-2,-2,-2,-2,-2,-2,-2,-2,-2,0,0,0,0,0,0,0,0,0,0,0,0,0,0,-1,-1,-1,-1,-1,-1,-1,-1,-1,-1,-1,-1,-1,-1,3453,1827,1626,66453,33856,32597,256082,131489,124593,648758,329311,319447,721134,372074,349060,1967,1007,960,59390,29894,29496,R,R,R,R,R,R,R,R,R,R,R,R,R,R,A,R,R,R,R
2015-2016,15,HI,HAWAII,Hawaii Department of Education,1586,14860,11908,15865,15747,15196,15041,14257,13781,13129,14016,13537,11925,10741,-2,406,-1,181995,181995,1,0,253,116,209,95,26,13,197,76,232,89,196,83,13,11,1679,1527,1548,1306,120,128,1026,917,1855,1823,1532,1375,9,7,1317,1174,1131,1116,91,119,895,821,1604,1457,1163,1004,15,15,1891,1697,1492,1378,134,172,1103,1021,2037,1953,1502,1455,12,12,2016,1800,1387,1379,144,136,1045,935,2073,1942,1491,1375,17,13,2100,1927,1205,1219,140,151,998,908,2210,1923,1207,1178,28,30,2543,2281,699,647,154,147,1071,1019,2703,2522,647,550,21,17,2399,2254,597,597,121,137,1025,868,2664,2391,615,551,21,26,2412,2246,575,562,146,147,939,801,2482,2214,669,541,23,24,2370,2138,543,550,141,140,863,748,2330,2185,578,496,39,30,2437,2353,556,508,162,145,864,806,2526,2359,649,582,43,35,2601,2344,523,501,132,130,842,800,2378,2126,530,552,31,35,2449,2127,378,413,108,113,714,700,2021,1882,492,462,29,18,2278,2175,330,284,113,102,691,642,1651,1597,393,438,-2,-2,-2,-2,-2,-2,-2,-2,-2,-2,-2,-2,-2,-2,0,0,98,68,9,14,2,3,37,13,83,54,16,9,0,0,0,0,0,0,0,0,0,0,0,0,0,0,575,302,273,55070,28843,26227,21751,11182,10569,3517,1734,1783,23385,12310,11075,55366,28849,26517,22331,11680,10651,R,R,R,R,R,R,R,R,R,R,R,R,R,R,A,R,R,R,R
2015-2016,16,ID,IDAHO,Idaho State Department of Education,2549,20988,22386,23183,23393,22812,23056,22696,22444,22350,23143,21948,21156,20087,-2,86,-1,292277,292277,17,15,17,8,341,172,11,5,1233,677,1,2,36,14,178,185,98,102,1930,1965,79,98,8103,7650,24,27,278,271,150,143,111,120,2171,2036,80,96,8755,8092,44,34,289,265,155,161,117,121,2191,2101,115,104,8883,8592,30,34,307,272,153,139,138,138,2214,2211,126,108,9120,8386,30,24,305,301,152,164,119,129,2130,2019,103,90,8848,8389,31,31,310,297,147,163,143,154,2209,2013,135,131,8926,8429,32,27,290,257,162,181,124,147,2085,1945,101,105,8919,8328,38,38,270,253,183,152,132,142,1941,1874,101,113,8870,8325,32,29,285,265,174,153,128,162,1996,1874,112,123,8755,8274,53,41,239,266,188,168,112,179,1968,1961,148,160,9038,8624,52,33,263,249,159,146,150,170,1870,1821,139,94,8725,8105,43,37,253,236,134,152,163,184,1726,1640,116,115,8398,8039,37,32,213,207,132,107,139,126,1653,1557,156,112,7979,7652,30,45,202,197,-2,-2,-2,-2,-2,-2,-2,-2,-2,-2,-2,-2,-2,-2,4,1,1,1,2,3,-1,-1,46,28,-1,-1,-1,-1,-1,-1,-1,-1,-1,-1,-1,-1,-1,-1,-1,-1,-1,-1,4118,2088,2030,3575,1692,1883,51619,26427,25192,2976,1522,1454,222188,114598,107590,911,477,434,6890,3540,3350,R,R,R,R,R,R,R,R,R,R,R,R,R,R,A,R,R,R,R
2015-2016,17,IL,ILLINOIS,Illinois State Board of Education,87589,135924,144616,149112,153015,149373,149167,152526,150968,150193,163669,159268,148362,147993,-2,4,-1,2041779,2041779,99,73,2016,1635,13735,12021,9745,8966,20358,15608,75,40,1758,1460,150,139,3427,3189,17905,16938,11958,11388,33985,31378,79,54,2762,2572,189,161,3571,3489,19467,18939,12799,12231,35283,32775,88,83,2798,2743,246,232,3680,3595,20260,19424,12962,12901,35991,34104,81,81,2827,2728,214,227,3746,3500,20746,20387,13811,13490,36891,34502,86,84,2674,2657,184,212,3688,3491,20213,19658,12745,12532,36743,34621,91,70,2596,2529,225,208,3688,3690,20220,19155,12569,11997,37346,34951,79,91,2591,2357,201,169,3681,3713,20122,19443,12908,12619,38765,35798,51,73,2566,2417,214,186,3575,3609,20091,18738,12714,12297,38649,35990,66,77,2473,2289,209,203,3530,3387,19244,18555,12782,12334,38725,36587,78,65,2333,2161,224,235,3634,3560,21372,19444,15299,14299,41488,39217,70,80,2388,2359,212,218,3726,3654,19604,18706,14462,14321,41425,38450,78,68,2156,2188,209,183,3453,3347,17118,16896,12550,12751,40112,37776,59,65,1975,1868,217,196,3552,3451,16801,16314,12079,12267,40859,38411,70,75,1918,1783,-2,-2,-2,-2,-2,-2,-2,-2,-2,-2,-2,-2,-2,-2,-1,-1,-1,1,-1,-1,-1,-1,3,-1,-1,-1,-1,-1,-1,-1,-1,-1,-1,-1,-1,-1,-1,-1,-1,-1,-1,-1,5435,2793,2642,96278,48967,47311,521516,266898,254618,353776,179383,174393,996791,516623,480168,2057,1051,1006,65926,33815,32111,R,R,R,R,R,R,R,R,R,R,R,R,R,R,A,R,R,R,R
2015-2016,18,IN,INDIANA,Indiana Department of Education,18529,77044,78646,79586,80675,77751,76908,78657,77468,79198,85115,80996,80250,74952,-2,982,-1,1046757,1046757,22,20,237,196,1438,1193,1635,1387,6487,4780,7,15,611,501,62,65,976,899,4826,4420,4984,4805,27029,24838,29,33,2118,1960,75,70,927,948,5011,4732,5144,4949,27092,25489,34,25,2117,2033,67,62,961,854,5018,4911,5294,5012,27409,25758,32,32,2039,2137,70,83,806,861,5269,4796,5390,5158,27890,26163,23,30,2045,2091,83,74,885,872,4775,4557,4973,4677,27323,25626,29,32,2016,1829,85,90,738,780,4554,4405,4735,4699,27406,25618,27,30,1921,1820,77,85,812,939,4568,4359,4830,4476,28417,26351,23,20,1887,1813,81,88,804,878,4333,4048,4701,4368,28113,26524,22,26,1799,1683,92,80,729,836,4182,4196,5005,4647,28813,26966,25,25,1829,1773,109,93,852,878,4584,4270,5193,5205,31030,29208,21,16,1889,1767,99,118,788,850,3910,3921,4997,4716,29804,28386,32,25,1701,1649,94,110,844,891,3776,3957,4793,5021,29034,28489,28,23,1602,1588,110,102,738,731,3193,3275,4282,4538,27953,27141,26,21,1390,1452,-2,-2,-2,-2,-2,-2,-2,-2,-2,-2,-2,-2,-2,-2,2,1,7,8,57,35,134,111,393,200,0,0,25,9,-1,-1,-1,-1,-1,-1,-1,-1,-1,-1,-1,-1,-1,-1,2269,1128,1141,22525,11104,11421,116569,59494,57075,129859,66090,63769,725730,374193,351537,711,358,353,49094,24989,24105,R,R,R,R,R,R,R,R,R,R,R,R,R,R,A,R,R,R,R
2015-2016,19,IA,IOWA,Iowa Department of Education,28971,39218,36359,37574,37526,37030,36297,35935,36331,35965,37111,37233,36077,36387,-2,-2,-1,508014,508014,38,43,384,387,1425,1298,708,682,11968,10950,24,28,539,497,80,71,496,447,2184,2063,1157,1089,15763,14137,53,35,839,804,57,59,435,457,2027,2029,1178,1042,14235,13175,49,52,785,779,71,70,488,421,2172,2127,1183,1098,14590,13599,48,39,834,834,74,61,448,430,2155,2037,1170,1029,14628,13858,41,37,816,742,66,51,414,417,2086,2089,1097,1050,14541,13676,48,46,764,685,64,67,410,430,1997,1929,1030,999,14384,13486,36,42,716,707,76,69,463,401,1909,1819,1069,995,14224,13510,38,35,658,669,71,70,458,439,1886,1765,1064,935,14559,13858,32,31,556,607,76,80,428,435,1785,1775,1024,973,14598,13557,49,43,584,558,77,74,391,431,1897,1721,1089,1053,14974,14202,48,28,553,573,80,72,470,481,1858,1779,1088,990,15042,14203,44,33,557,536,58,81,418,393,1665,1513,982,962,14876,14075,41,33,506,474,83,65,457,404,1593,1549,1000,890,15151,14187,18,28,495,467,-2,-2,-2,-2,-2,-2,-2,-2,-2,-2,-2,-2,-2,-2,-2,-2,-2,-2,-2,-2,-2,-2,-2,-2,-2,-2,-2,-2,-1,-1,-1,-1,-1,-1,-1,-1,-1,-1,-1,-1,-1,-1,1904,971,933,12133,6160,5973,52132,26639,25493,28626,14839,13787,394006,203533,190473,1079,569,510,18134,9202,8932,R,R,R,R,R,R,R,R,R,R,R,R,R,R,A,A,R,R,R
2015-2016,20,KS,KANSAS,Kansas State Department of Education,18773,36975,37096,37629,37740,36928,36240,36086,36127,35694,37356,36133,34459,33667,0,4981,0,495884,495884,75,74,275,223,2322,2036,648,520,6623,5067,17,12,493,388,135,122,537,488,3780,3520,1333,1247,12307,11559,33,36,978,900,149,160,499,496,3830,3709,1401,1362,12059,11481,53,33,946,918,144,142,534,494,3925,3861,1395,1276,12179,11580,33,32,1054,980,164,131,536,511,3862,3708,1318,1309,12423,11679,37,31,1016,1015,157,134,528,509,3831,3556,1379,1281,12001,11511,40,27,978,996,155,163,508,486,3638,3521,1300,1225,11936,11337,33,26,959,953,180,163,521,510,3528,3415,1269,1199,12127,11247,32,29,943,923,164,183,501,513,3532,3275,1352,1188,12192,11420,30,37,866,874,185,182,483,488,3384,3219,1334,1234,12025,11344,30,32,869,885,201,174,487,510,3627,3295,1376,1298,12796,11800,28,23,886,855,210,186,482,517,3411,3068,1268,1215,12535,11576,29,27,800,809,176,204,444,433,2919,2833,1193,1173,12139,11370,25,26,761,763,196,176,448,491,2770,2631,1159,1100,11867,11328,24,29,719,729,0,0,0,0,0,0,0,0,0,0,0,0,0,0,41,64,26,45,538,970,241,358,928,1637,5,9,43,76,0,0,0,0,0,0,0,0,0,0,0,0,0,0,4590,2332,2258,13523,6809,6714,95514,48897,46617,34951,17966,16985,322073,166137,155936,858,449,409,24375,12311,12064,R,R,R,R,R,R,R,R,R,R,R,R,R,R,R,R,R,R,R
2015-2016,21,KY,KENTUCKY,Kentucky Department of Education,27144,49463,53450,52609,52853,51339,50218,50182,50251,49774,54523,51701,47937,44659,-2,495,-1,686598,686598,17,19,203,182,1150,1000,1923,1676,10877,8809,20,11,667,590,24,29,411,422,1795,1743,2566,2392,19838,17941,31,32,1110,1129,31,30,420,416,2040,1831,2768,2639,21046,19768,23,29,1233,1176,26,35,443,383,1904,1932,2770,2641,20615,19480,47,34,1119,1180,33,24,417,438,1865,1864,2780,2694,20691,19707,34,29,1152,1125,29,33,418,452,1759,1718,2664,2526,20633,19060,16,35,999,997,32,26,451,419,1600,1495,2613,2498,20068,19169,30,23,928,866,22,36,417,473,1419,1392,2544,2535,20465,19309,24,24,774,748,25,36,391,465,1454,1335,2756,2600,20351,19344,24,20,717,733,36,28,346,422,1403,1257,2788,2595,20387,19067,18,18,707,702,44,24,409,439,1599,1299,3292,2919,22437,20610,32,31,696,692,28,44,386,412,1298,1101,2910,2812,21357,20082,20,22,621,608,28,19,328,378,1035,974,2537,2474,20006,19054,19,16,501,568,33,31,279,350,851,850,2265,2411,18406,18228,21,24,421,489,-2,-2,-2,-2,-2,-2,-2,-2,-2,-2,-2,-2,-2,-2,1,0,5,3,6,3,62,29,246,133,0,0,3,4,-1,-1,-1,-1,-1,-1,-1,-1,-1,-1,-1,-1,-1,-1,823,409,414,10978,5324,5654,40972,21178,19794,72679,37238,35441,537184,277423,259761,707,359,348,23255,11648,11607,R,R,R,R,R,R,R,R,R,R,R,R,R,R,A,R,R,R,R
2015-2016,22,LA,LOUISIANA,Louisiana Department of Education,28444,53716,57820,57548,57021,54294,53105,53482,52224,52480,59938,51734,45115,41790,-2,-2,-1,718711,718711,89,108,208,188,1091,1080,6720,7016,5553,5484,15,13,430,449,177,163,417,375,2028,1908,12141,11286,12282,11327,25,18,790,779,188,160,409,366,2115,2028,13102,12213,13150,12325,27,20,897,820,173,178,418,415,2088,2000,12903,12426,13107,12163,27,27,800,823,178,179,400,392,1933,1866,12741,12169,13279,12269,26,33,791,765,170,163,405,393,1749,1589,12363,11829,12658,11611,26,29,660,649,204,173,427,359,1620,1485,12109,11363,12589,11653,30,15,548,530,225,177,409,417,1516,1433,12298,11733,12586,11688,24,22,478,476,190,172,432,371,1415,1316,12067,11160,12606,11593,24,21,435,422,203,181,396,382,1325,1365,12188,11488,12477,11669,20,19,381,386,241,208,425,435,1722,1495,14560,12983,14131,12921,22,19,392,384,195,184,413,460,1423,1253,11086,11544,12473,12102,20,19,281,281,183,165,429,404,1091,1067,9048,9696,11176,11290,17,19,254,276,170,158,410,393,779,815,8353,9346,10328,10617,17,14,181,209,-2,-2,-2,-2,-2,-2,-2,-2,-2,-2,-2,-2,-2,-2,-2,-2,-2,-2,-2,-2,-2,-2,-2,-2,-2,-2,-2,-2,-1,-1,-1,-1,-1,-1,-1,-1,-1,-1,-1,-1,-1,-1,4955,2586,2369,10948,5598,5350,42595,21895,20700,317931,161679,156252,327107,168395,158712,608,320,288,14567,7318,7249,R,R,R,R,R,R,R,R,R,R,R,R,R,R,A,A,R,R,R
2015-2016,23,ME,MAINE,Maine Department of Education,5396,12835,13057,13175,13500,13311,13553,13517,13452,13544,14168,14072,14005,14028,-2,-2,-1,181613,181613,14,29,17,20,56,42,127,98,2469,2393,1,0,60,70,63,57,77,76,148,142,233,218,6025,5422,9,3,179,183,75,50,95,79,129,149,255,229,5997,5619,8,5,182,185,57,62,93,89,164,153,224,187,6059,5683,7,5,196,196,61,55,111,82,172,146,250,234,6130,5856,5,11,189,198,56,36,94,122,142,152,207,214,6232,5718,8,5,168,157,76,60,83,125,127,154,209,254,6323,5871,7,8,132,124,67,50,107,110,138,134,226,234,6316,5859,7,13,132,124,55,53,85,107,130,125,216,197,6356,5890,4,7,93,134,56,71,89,100,127,135,204,218,6295,6015,9,7,113,105,69,53,109,118,144,123,229,204,6682,6192,6,8,124,107,46,50,95,125,110,129,215,234,6639,6187,10,8,108,116,56,51,89,134,109,126,244,203,6691,6106,7,5,95,89,60,47,109,129,124,134,266,185,6597,6207,7,10,72,81,-2,-2,-2,-2,-2,-2,-2,-2,-2,-2,-2,-2,-2,-2,-2,-2,-2,-2,-2,-2,-2,-2,-2,-2,-2,-2,-2,-2,-1,-1,-1,-1,-1,-1,-1,-1,-1,-1,-1,-1,-1,-1,1535,811,724,2669,1253,1416,3664,1820,1844,6014,3105,2909,163829,84811,79018,190,95,95,3712,1843,1869,R,R,R,R,R,R,R,R,R,R,R,R,R,R,A,A,R,R,R
2015-2016,24,MD,MARYLAND,Maryland State Department of Education,31034,64930,67511,69319,68779,66910,65339,64639,64267,63777,69678,65732,59193,58493,-2,-2,-1,879601,879601,88,97,891,634,3526,3179,6757,6170,4621,3662,21,19,734,635,106,94,2062,1909,5740,5582,10999,10308,12646,12012,55,37,1751,1629,93,95,2118,2068,6160,5783,11473,11081,12884,12229,60,53,1734,1680,122,114,2342,2076,6034,5808,11987,11413,13345,12599,75,49,1716,1639,97,101,2237,2084,6063,5677,11821,11248,13436,12732,47,69,1643,1524,103,98,2227,2049,5665,5280,11367,11039,13453,12473,67,47,1530,1512,92,80,2212,2127,5110,4890,11287,10637,13185,12719,62,51,1454,1433,75,79,2089,2109,4761,4536,11345,10721,13263,12743,36,38,1497,1347,79,81,2159,2046,4734,4605,11134,10578,13368,12544,37,36,1399,1467,82,84,2034,2020,4633,4349,11134,10699,13398,12558,50,34,1325,1377,81,81,2084,2066,5934,4986,13385,11878,13621,12856,39,38,1335,1294,97,97,2103,2040,5159,4539,11610,11290,13478,12863,42,47,1176,1191,71,63,1940,1849,3631,3417,10356,10308,12994,12400,32,29,1043,1060,86,81,1882,1949,3110,3108,9960,10432,13167,12604,36,32,960,1086,-2,-2,-2,-2,-2,-2,-2,-2,-2,-2,-2,-2,-2,-2,-2,-2,-2,-2,-2,-2,-2,-2,-2,-2,-2,-2,-2,-2,-1,-1,-1,-1,-1,-1,-1,-1,-1,-1,-1,-1,-1,-1,2517,1272,1245,55406,28380,27026,135999,70260,65739,302417,154615,147802,343853,176859,166994,1238,659,579,38171,19297,18874,R,R,R,R,R,R,R,R,R,R,R,R,R,R,A,A,R,R,R
2015-2016,25,MA,MASSACHUSETTS,Mass. Department of Elementary and Secondary Education,29297,66142,69781,71771,72032,70892,70766,71709,72110,72176,77525,74199,72176,70997,0,2453,0,964026,964026,41,34,1165,992,3384,2617,1520,1183,9823,7371,12,17,664,474,69,71,2390,2136,7005,6611,2922,2734,20392,18945,29,15,1462,1361,105,85,2498,2263,7494,7127,3255,2926,21207,19723,48,34,1556,1460,83,84,2494,2435,7714,7251,3181,3088,22011,20542,34,23,1419,1412,75,68,2494,2422,7363,7292,3178,3006,22369,20976,29,31,1406,1323,70,75,2390,2293,7226,6855,3097,2960,22366,21013,24,39,1252,1232,74,78,2379,2251,6745,6380,3076,2906,22841,21542,34,27,1190,1243,82,84,2278,2341,6625,6268,3180,2842,23317,22231,32,41,1223,1165,81,103,2327,2324,6592,5964,3153,2882,23721,22741,31,34,1072,1085,68,79,2207,2298,6221,6170,3195,3062,24090,22749,37,37,970,993,100,94,2300,2314,7817,6810,3711,3491,24893,23725,41,36,1061,1132,75,73,2255,2222,6661,6185,3429,3182,24495,23647,37,48,965,925,90,81,2039,2119,5763,5676,3267,3250,24464,23716,37,25,816,833,93,84,2095,2091,5255,4997,3229,3184,24564,23823,25,39,717,801,0,0,0,0,0,0,0,0,0,0,0,0,0,0,4,1,53,39,223,150,199,102,1078,561,3,0,25,15,0,0,0,0,0,0,0,0,0,0,0,0,0,0,2204,1110,1094,61904,31364,30540,178441,92088,86353,84390,43592,40798,604936,311631,293305,899,453,446,31252,15798,15454,R,R,R,R,R,R,R,R,R,R,R,R,R,R,R,R,R,R,R
2015-2016,26,MI,MICHIGAN,MI Dept of Ed (MDE) & MI Center for Ed Perf and Info (CEPI),48961,113090,106061,107793,111558,111267,110266,113735,113362,113640,127117,125824,114899,114700,-2,3958,-1,1536231,1536231,141,115,539,437,2572,2165,6716,5992,15910,12195,40,21,1148,970,368,303,1804,1744,4794,4446,10495,9986,38863,35080,59,52,2643,2453,311,268,1687,1745,4323,4282,10621,10065,35170,32890,46,54,2294,2305,340,298,1743,1719,4485,4270,10492,9862,36059,33837,44,51,2378,2215,383,342,1810,1779,4633,4410,10464,9936,37740,35559,40,52,2286,2124,364,362,1835,1765,4463,4238,10368,10067,37399,36028,46,43,2175,2114,385,356,1783,1836,4507,4325,10118,9588,37749,35693,35,36,2008,1847,416,371,1833,1910,4301,4118,10252,9622,39848,37155,53,48,1889,1919,395,376,1842,1861,4314,4017,10192,9538,39821,37411,40,50,1718,1787,395,397,1864,1784,4090,3952,9781,9805,40304,37915,35,43,1677,1598,484,462,1874,1824,4524,4290,12461,11625,44559,41245,51,55,1851,1812,476,432,1908,1934,4266,4169,11651,11256,43901,42277,75,66,1702,1711,464,423,1752,1849,3527,3391,9675,9752,41292,39728,56,53,1435,1502,414,416,1826,1877,3316,3264,9082,9181,42244,40403,39,59,1239,1340,-2,-2,-2,-2,-2,-2,-2,-2,-2,-2,-2,-2,-2,-2,11,11,40,29,95,69,684,278,1711,964,4,0,34,28,-1,-1,-1,-1,-1,-1,-1,-1,-1,-1,-1,-1,-1,-1,10279,5347,4932,48233,24140,24093,113616,58210,55406,279605,143052,136553,1030950,532570,498380,1346,663,683,52202,26477,25725,R,R,R,R,R,R,R,R,R,R,R,R,R,R,A,R,R,R,R
2015-2016,27,MN,MINNESOTA,Minnesota Department of Education,15443,63591,64685,66206,66596,65362,64272,65105,64340,63075,66150,65546,64572,69441,-2,-2,-1,864384,864384,248,137,470,216,1009,463,922,427,7089,3722,17,4,478,241,514,486,2267,2050,3061,3024,3508,3330,21524,20232,20,29,1852,1694,571,535,2305,2241,3187,3066,3626,3477,21694,20280,17,26,1904,1756,590,526,2182,2219,3388,3116,3663,3538,22163,21201,11,22,1848,1739,569,565,2282,2129,3254,3175,3698,3563,22299,21490,18,23,1812,1719,519,521,2137,1992,3164,3087,3636,3296,22444,21273,22,13,1623,1635,513,507,2111,2152,3032,2815,3417,3201,22108,21267,27,25,1533,1564,557,553,2072,2068,3013,2928,3477,3277,22668,21685,16,18,1347,1426,569,552,2135,2098,2704,2685,3259,3078,23005,21971,22,26,1107,1129,593,544,2168,2004,2696,2617,3315,3054,22792,21443,21,20,909,899,589,534,2105,2153,2804,2597,3378,3288,24084,22664,22,21,937,974,558,530,2191,2189,2616,2410,3358,3175,23982,22780,29,18,865,845,534,463,2024,2022,2485,2393,3140,2978,24032,22825,20,31,812,813,576,531,2283,2183,2553,2450,3630,3466,25822,24269,25,24,842,787,-2,-2,-2,-2,-2,-2,-2,-2,-2,-2,-2,-2,-2,-2,-2,-2,-2,-2,-2,-2,-2,-2,-2,-2,-2,-2,-2,-2,-1,-1,-1,-1,-1,-1,-1,-1,-1,-1,-1,-1,-1,-1,14484,7500,6984,56448,28732,27716,75792,38966,36826,89175,46027,43148,592808,305706,287102,587,287,300,35090,17869,17221,R,R,R,R,R,R,R,R,R,R,R,R,R,R,A,A,R,R,R
2015-2016,28,MS,MISSISSIPPI,MISSISSIPPI DEPARTMENT OF EDUCATION,4867,37573,40236,40341,40845,36092,36150,36109,35796,35922,37823,36202,31789,29561,-2,7894,-1,487200,487200,4,3,15,24,81,77,1486,1525,786,768,1,2,47,48,52,55,200,190,706,698,9152,8676,8749,7842,9,17,652,575,49,39,190,176,807,791,10076,9617,8926,8493,15,7,533,517,45,44,187,165,841,804,10305,9834,8752,8540,9,15,395,405,41,40,197,188,871,789,10709,10115,8859,8397,14,9,292,324,52,44,200,206,653,682,8729,8581,8279,8155,11,11,248,241,38,39,198,208,676,620,8837,8556,8526,7991,7,10,216,228,48,46,188,186,637,619,8776,8442,8630,8115,9,15,197,201,55,51,171,191,660,574,8797,8431,8642,7924,6,8,159,127,43,46,194,203,568,522,8716,8898,8472,8047,9,9,94,101,34,56,201,202,619,558,9732,9083,8851,8232,6,3,122,124,42,52,209,194,517,403,8985,9149,8347,8116,8,5,91,84,29,29,199,181,418,416,7583,8048,7337,7395,6,5,62,81,32,29,167,156,362,314,7103,7627,6779,6871,3,6,42,70,-2,-2,-2,-2,-2,-2,-2,-2,-2,-2,-2,-2,-2,-2,21,5,43,33,149,67,2851,1355,2191,1051,3,0,89,36,-1,-1,-1,-1,-1,-1,-1,-1,-1,-1,-1,-1,-1,-1,1163,585,578,5062,2559,2503,16499,8565,7934,239774,121837,117937,218063,112126,105937,238,116,122,6401,3239,3162,R,R,R,R,R,R,R,R,R,R,R,R,R,R,A,R,R,R,R
2015-2016,29,MO,MISSOURI,MISSOURI DEPT OF ELEMENTARY AND SECONDARY EDUCATION,33360,67126,68894,70334,70544,69134,68220,67681,67466,67126,70583,68675,65616,64475,-2,-2,-1,919234,919234,49,41,384,366,1144,976,3170,2625,13212,9962,41,29,764,597,118,98,697,577,2204,2072,5687,5251,24678,22504,111,92,1551,1486,101,127,692,639,2259,2149,5855,5490,25131,23169,102,100,1577,1503,140,143,666,681,2357,2213,5906,5735,25375,23886,64,102,1573,1493,149,129,663,643,2344,2154,5947,5761,25468,24176,85,92,1461,1472,136,120,649,680,2262,2228,5727,5490,25405,23744,94,76,1323,1200,149,138,634,709,2178,2126,5519,5255,25308,23767,69,86,1142,1140,146,149,674,660,2075,1948,5477,5347,25357,23765,82,83,959,959,160,117,651,706,1967,1934,5464,5270,25422,23769,78,60,937,931,162,143,642,674,2004,1893,5484,5233,25362,23590,77,70,906,886,145,161,646,639,2060,1897,5918,5498,26504,25274,82,75,855,829,121,156,619,659,1800,1739,5629,5388,26318,24557,65,67,791,766,162,142,626,655,1596,1564,4972,5203,25183,24003,64,68,665,713,148,141,604,654,1479,1421,5120,5014,24919,23547,63,67,637,661,-2,-2,-2,-2,-2,-2,-2,-2,-2,-2,-2,-2,-2,-2,-2,-2,-2,-2,-2,-2,-2,-2,-2,-2,-2,-2,-2,-2,-1,-1,-1,-1,-1,-1,-1,-1,-1,-1,-1,-1,-1,-1,3691,1886,1805,17789,8847,8942,54043,27729,26314,148435,75875,72560,663355,343642,319713,2144,1077,1067,29777,15141,14636,R,R,R,R,R,R,R,R,R,R,R,R,R,R,A,A,R,R,R
2015-2016,30,MT,MONTANA,Montana Office of Public Instruction,1158,11502,11526,11833,11583,11659,11120,11175,10974,10967,11144,10622,10300,9756,-2,-2,-1,145319,145319,113,80,7,3,33,22,9,2,565,274,4,2,25,19,668,657,37,21,276,239,32,36,4621,4435,19,17,227,217,693,684,38,39,309,286,40,29,4550,4365,16,10,230,237,744,667,31,48,278,270,52,43,4681,4476,13,8,265,257,692,667,38,43,288,284,45,33,4692,4356,13,9,212,211,705,696,43,55,295,240,45,62,4702,4364,23,10,210,209,674,666,50,50,267,276,50,50,4446,4206,12,9,185,179,661,676,52,44,246,242,52,56,4497,4317,10,20,145,157,678,597,39,64,244,235,52,48,4454,4255,8,8,161,131,605,666,44,53,228,241,55,44,4532,4159,11,15,141,173,652,626,38,41,248,223,74,49,4543,4342,17,15,147,129,582,539,45,60,225,206,53,48,4507,4115,10,15,112,105,520,477,40,63,227,185,61,58,4367,4066,14,8,108,106,454,377,45,48,184,203,54,41,4190,3956,11,11,87,95,-2,-2,-2,-2,-2,-2,-2,-2,-2,-2,-2,-2,-2,-2,-2,-2,-2,-2,-2,-2,-2,-2,-2,-2,-2,-2,-2,-2,-1,-1,-1,-1,-1,-1,-1,-1,-1,-1,-1,-1,-1,-1,16516,8441,8075,1179,547,632,6500,3348,3152,1273,674,599,115033,59347,55686,338,181,157,4480,2255,2225,R,R,R,R,R,R,R,R,R,R,R,R,R,R,A,A,R,R,R
2015-2016,31,NE,NEBRASKA,Nebraska Department of Education,15665,23374,23835,23914,22229,23366,23028,23294,23003,22656,22901,23059,22141,23549,-2,-2,-1,316014,316014,199,137,225,206,1709,1477,597,541,5604,4493,16,21,259,181,160,149,339,295,2230,2089,778,754,8114,7493,12,13,474,474,180,151,338,273,2390,2222,808,752,8083,7613,15,16,489,505,155,162,318,318,2265,2192,880,809,8222,7590,20,15,487,481,151,158,291,255,2111,1988,759,760,7739,7084,20,13,460,440,170,153,304,305,2253,2115,807,834,8017,7530,6,23,413,436,144,142,300,286,2118,2054,816,779,8037,7462,22,10,440,418,173,153,294,300,2139,2063,766,723,8173,7690,11,16,386,407,151,158,274,292,2084,2016,785,752,8172,7511,12,13,383,400,138,151,268,272,2091,1966,756,686,7951,7611,12,17,351,386,189,162,296,259,2097,1897,783,728,7995,7789,21,8,355,322,152,141,294,261,2098,1957,756,750,8185,7758,15,15,341,336,152,156,301,264,1930,1765,684,654,7998,7518,20,13,341,345,154,129,297,322,2016,1788,931,708,8580,7930,15,20,309,350,-2,-2,-2,-2,-2,-2,-2,-2,-2,-2,-2,-2,-2,-2,-2,-2,-2,-2,-2,-2,-2,-2,-2,-2,-2,-2,-2,-2,-1,-1,-1,-1,-1,-1,-1,-1,-1,-1,-1,-1,-1,-1,4370,2268,2102,8047,4139,3908,57120,29531,27589,21136,10906,10230,213942,110870,103072,430,217,213,10969,5488,5481,R,R,R,R,R,R,R,R,R,R,R,R,R,R,A,A,R,R,R
2015-2016,32,NV,NEVADA,Nevada Department of Education,5554,34495,36054,37483,37745,36474,35630,35184,35360,35802,35715,35031,34038,32122,0,840,0,467527,467527,36,8,109,45,1534,725,386,190,1458,629,36,22,261,115,161,147,731,735,7454,7295,1871,1799,5948,5457,227,204,1262,1204,156,164,854,726,7844,7573,2003,1948,6175,5725,236,233,1216,1201,165,169,920,842,8154,7751,2104,1984,6441,5950,271,266,1269,1197,173,156,935,908,8302,7933,1986,1881,6377,6029,263,271,1312,1219,183,181,929,887,7885,7570,1921,1821,6356,5873,275,245,1178,1170,173,177,966,914,7636,7424,1894,1834,6177,5736,249,248,1150,1052,186,165,1002,971,7542,7355,1848,1743,6036,5724,253,257,1048,1054,156,168,1044,997,7481,7215,1972,1775,6235,5710,287,238,1080,1002,172,180,1103,1009,7741,7332,1970,1795,6232,5755,275,273,997,968,187,185,1218,1086,7420,7226,1879,1762,6372,6017,227,229,948,959,157,159,1207,1030,7342,6839,1884,1768,6497,5873,239,208,922,906,198,161,1118,1150,6756,6676,1873,1686,6242,5911,244,247,884,892,164,157,1055,1073,6389,6220,1748,1519,5814,5816,242,226,840,859,-1,-1,-1,-1,-1,-1,-1,-1,-1,-1,-1,-1,-1,-1,7,4,39,15,185,115,69,48,201,100,8,7,26,16,-1,-1,-1,-1,-1,-1,-1,-1,-1,-1,-1,-1,-1,-1,4455,2274,2181,25618,13230,12388,194914,99665,95249,48961,25408,23553,158866,82561,76305,6506,3332,3174,28207,14393,13814,R,R,R,R,R,R,R,R,R,R,R,R,R,R,R,R,R,R,R
2015-2016,33,NH,NEW HAMPSHIRE,NH Dept of Education,3743,11192,12947,13195,13470,13639,13633,14064,14103,14319,15341,14770,14049,13947,13,-2,-1,182425,182425,6,1,94,81,153,107,58,31,1838,1261,4,2,63,44,13,8,170,165,351,315,95,91,4909,4585,12,8,246,224,24,16,200,235,387,332,124,100,5703,5321,6,6,264,229,14,14,208,227,379,364,140,113,5749,5478,7,7,253,242,19,31,233,213,425,393,114,101,5905,5588,3,2,226,217,17,16,222,253,370,357,127,142,5956,5692,12,12,229,234,23,18,211,238,406,341,125,128,6082,5628,3,4,216,210,23,23,228,243,357,331,117,126,6157,6059,9,5,184,202,23,15,225,237,328,287,147,133,6402,5940,6,7,182,171,26,19,209,223,327,303,150,129,6518,6042,6,3,172,192,19,16,213,227,380,347,173,172,7083,6361,8,5,186,151,24,21,211,211,340,307,156,150,6853,6208,4,10,155,120,16,19,208,201,284,267,141,140,6508,6002,3,6,112,142,23,19,192,203,275,237,130,125,6388,6111,3,4,99,138,-1,-1,-1,-1,1,-1,-1,-1,6,6,-1,-1,-1,-1,-2,-2,-2,-2,-2,-2,-2,-2,-2,-2,-2,-2,-2,-2,-1,-1,-1,-1,-1,-1,-1,-1,-1,-1,-1,-1,-1,-1,506,270,236,5781,2824,2957,9051,4763,4288,3478,1797,1681,158339,82057,76282,167,86,81,5103,2587,2516,R,R,R,R,R,R,R,R,R,R,R,R,R,R,R,A,R,R,R
2015-2016,34,NJ,NEW JERSEY,NEW JERSEY DEPARTMENT OF EDUCATION,63284,91870,97311,99079,100429,98565,97570,99398,99545,98128,104051,101343,99212,97602,-2,61458,-1,1408845,1408845,44,42,1913,1816,14447,14317,7759,7649,7659,6516,62,73,516,471,75,77,4698,4457,13791,13546,7212,7169,19649,18683,112,90,1205,1106,86,73,5111,4900,14373,14059,7867,7574,20945,19829,92,127,1169,1106,58,66,5169,5092,13938,14106,7822,7751,21911,20774,122,106,1079,1085,62,72,5144,4944,14159,14205,7639,7751,22428,21640,136,128,1037,1084,60,66,5045,4973,13267,13479,7318,7355,22846,22037,119,111,970,919,54,53,4977,4954,12637,12831,7151,7219,23506,22304,128,114,807,835,50,51,5205,5002,12390,12389,7217,7167,24648,23577,120,111,740,731,40,53,5096,5018,12104,12042,7353,7542,24888,23938,131,106,594,640,47,47,4906,4683,11731,11751,7262,7389,24970,24039,116,106,544,537,70,52,5022,4850,13153,12477,8352,8173,25795,24846,90,98,517,556,62,51,4888,4760,12276,11719,7829,7888,25491,25084,101,98,564,532,69,64,4678,4593,10896,10844,7595,7844,26077,25434,91,93,455,479,61,60,4649,4534,10239,10090,7407,7524,26718,25244,111,94,423,448,-2,-2,-2,-2,-2,-2,-2,-2,-2,-2,-2,-2,-2,-2,71,15,2421,904,13593,5390,10322,4271,16779,6728,73,29,604,258,-1,-1,-1,-1,-1,-1,-1,-1,-1,-1,-1,-1,-1,-1,1751,909,842,134402,68922,65480,376239,192994,183245,226371,116105,110266,644983,334310,310673,3088,1604,1484,22011,11224,10787,R,R,R,R,R,R,R,R,R,R,R,R,R,R,A,R,R,R,R
2015-2016,35,NM,NEW MEXICO,New Mexico Public Education Department,8509,24696,26487,26702,26449,25681,25532,24986,24897,24957,27768,25313,22611,21106,0,0,-1,335694,335694,607,512,35,28,2879,2282,80,50,1103,742,4,6,93,88,1288,1239,121,137,7732,7250,221,222,3067,2907,15,16,247,234,1353,1281,139,108,8266,8047,264,233,3199,3044,18,29,246,260,1317,1291,139,129,8503,8121,257,270,3143,2971,23,25,266,247,1317,1300,155,112,8486,7977,245,243,3127,2947,24,16,262,238,1269,1308,133,129,8014,7802,255,215,3114,2927,25,24,225,241,1188,1259,139,147,8086,7652,263,219,3089,3000,18,17,209,246,1246,1265,129,143,7889,7585,249,236,2999,2844,12,13,202,174,1242,1230,146,161,7798,7661,233,236,2944,2840,17,13,182,194,1286,1213,151,129,7852,7629,278,234,3062,2762,15,8,174,164,1501,1406,172,159,8840,8234,315,253,3325,3162,12,15,193,181,1374,1324,154,165,7707,7566,308,257,3148,2918,21,16,187,168,1195,1155,170,177,6777,6743,252,184,2865,2741,8,14,171,159,1087,1169,160,145,6219,6256,203,207,2680,2675,8,10,119,168,0,0,0,0,0,0,0,0,0,0,0,0,0,0,0,0,0,0,0,0,0,0,0,0,0,0,0,0,-1,-1,-1,-1,-1,-1,-1,-1,-1,-1,-1,-1,-1,-1,34222,17270,16952,3812,1943,1869,205853,105048,100805,6482,3423,3059,79345,40865,38480,442,220,222,5538,2776,2762,R,R,R,R,R,R,R,R,R,R,R,R,R,R,R,R,R,R,R
2015-2016,36,NY,NEW YORK,NEW YORK STATE EDUCATION DEPARTMENT,50430,198024,203164,204628,203473,199866,196821,196373,198693,197997,221967,215680,193193,189562,-2,41755,-1,2711626,2711626,252,281,2312,2281,7318,7582,4884,4790,9725,9523,-1,-1,716,766,674,679,9225,8425,28923,27624,16787,15812,43513,40200,-1,-1,3186,2976,665,687,9522,8887,29858,28418,17905,16835,43536,40906,-1,-1,2963,2982,668,643,9820,9193,29504,28183,18023,17172,44499,41275,-1,-1,2812,2836,683,708,9871,9422,28164,27982,17459,17172,44655,42120,-1,-1,2647,2590,676,617,9610,9047,27414,26359,17311,16784,44757,42685,-1,-1,2338,2268,696,575,9275,8829,26296,25311,17335,16727,45188,42824,-1,-1,1911,1854,669,623,9403,8837,24965,24102,17166,16548,46532,44181,-1,-1,1700,1647,687,673,9085,8758,25024,23916,17314,16893,48065,45285,-1,-1,1556,1437,642,593,8994,8678,24578,23737,17652,17445,47713,45505,-1,-1,1259,1201,750,737,9987,9044,30167,27356,22736,20735,49705,46830,-1,-1,1951,1969,658,639,10486,9581,28003,25941,20287,19550,49767,47519,-1,-1,1590,1659,567,476,9069,8756,22119,21727,16525,17008,48504,45840,-1,-1,1340,1262,477,496,8869,8781,20169,20268,16088,16564,48636,46998,-1,-1,1110,1106,-2,-2,-2,-2,-2,-2,-2,-2,-2,-2,-2,-2,-2,-2,247,111,1717,841,8253,3753,8053,3333,10060,4950,-1,-1,275,162,-1,-1,-1,-1,-1,-1,-1,-1,-1,-1,-1,-1,-1,-1,17549,9011,8538,246605,127245,119360,703014,360755,342259,478893,245525,233368,1211496,624855,586641,-1,-1,-1,54069,27354,26715,R,R,R,R,R,R,R,R,R,R,R,R,R,R,A,R,R,R,R
2015-2016,37,NC,NORTH CAROLINA,North Carolina Department of Public Instruction,18565,116324,121718,122451,121971,118617,116032,109215,117741,117902,133777,120659,109180,99258,1524,0,-1,1544934,1544934,216,185,249,206,2310,2127,2977,2531,4007,3053,22,12,376,294,841,724,2069,1894,10956,10451,15254,14249,28609,26395,110,96,2359,2317,886,851,2052,1927,11529,10730,16476,15688,29658,27354,107,105,2263,2092,791,764,1984,1877,11286,10771,16213,15500,29903,28101,88,92,2615,2466,790,763,1952,1935,11318,11046,15846,15094,30186,27883,88,104,2445,2521,761,704,1894,1865,10752,10227,15484,14646,29551,27914,80,86,2302,2351,720,704,1789,1758,10039,9754,14633,14386,29839,27851,69,63,2290,2137,701,634,1587,1677,9034,8619,13809,13159,28845,26546,55,60,2298,2191,777,760,1749,1747,9620,9089,15003,14504,30979,28702,64,66,2375,2306,741,760,1731,1618,9304,8866,15527,14674,30993,29135,67,72,2212,2202,931,862,1791,1663,10875,9590,19286,17324,34712,31700,59,77,2538,2369,862,874,1713,1660,8616,8186,16258,15700,32049,30424,63,72,1997,2185,716,735,1459,1577,6730,6858,14092,14451,29935,28703,68,62,1783,2011,639,700,1464,1443,5601,5706,12385,12806,27789,27118,54,71,1700,1782,7,16,12,18,92,151,84,181,377,529,1,0,13,43,0,0,0,0,0,0,0,0,0,0,0,0,0,0,-1,-1,-1,-1,-1,-1,-1,-1,-1,-1,-1,-1,-1,-1,20415,10379,10036,46360,23495,22865,250233,128062,122171,398220,203327,194893,768840,397432,371408,2033,995,1038,58833,29566,29267,R,R,R,R,R,R,R,R,R,R,R,R,R,R,R,R,R,R,R
2015-2016,38,ND,NORTH DAKOTA,North Dakota Department of Public Instruction,2213,8929,9056,8873,8669,8435,7993,8104,7962,7735,7994,7689,7533,7459,0,-2,0,108644,108644,137,83,15,5,72,36,35,30,1071,665,4,5,31,24,418,344,69,72,227,219,218,167,3607,3293,18,17,132,128,400,380,62,59,235,230,224,204,3537,3441,11,16,120,137,402,362,50,65,237,188,229,176,3513,3387,12,19,113,120,359,367,43,56,243,224,172,185,3526,3239,14,7,121,113,364,348,59,52,202,220,191,172,3438,3157,6,14,100,112,372,352,43,51,215,188,166,162,3337,2941,7,9,63,87,375,405,58,71,180,187,155,164,3222,3131,13,10,65,68,400,346,67,66,170,174,179,138,3223,3066,6,9,49,69,344,361,64,69,167,169,165,183,3106,2998,9,9,48,43,449,369,50,61,209,172,172,172,3200,3043,10,5,38,44,401,316,64,61,174,145,186,169,3095,2968,10,11,41,48,285,272,55,75,131,139,164,121,3209,3004,4,7,35,32,269,271,80,59,128,113,161,123,3177,2992,15,7,34,30,0,0,0,0,0,0,0,0,0,0,0,0,0,0,-2,-2,-2,-2,-2,-2,-2,-2,-2,-2,-2,-2,-2,-2,0,0,0,0,0,0,0,0,0,0,0,0,0,0,9551,4975,4576,1601,779,822,4994,2590,2404,4583,2417,2166,85586,44261,41325,284,139,145,2045,990,1055,R,R,R,R,R,R,R,R,R,R,R,R,R,R,R,A,R,R,R
2015-2016,39,OH,OHIO,Ohio Department of Education,33118,124097,128660,130308,132853,127995,125870,129497,130900,131692,144674,136058,120911,119952,-2,-2,-1,1716585,1716585,19,19,375,299,990,793,3389,2678,12818,9957,13,6,982,780,67,70,1380,1297,3780,3597,11398,10409,44206,40696,44,43,3649,3461,69,76,1486,1353,4050,3873,11504,11177,44962,42576,62,60,3744,3668,74,79,1514,1391,4002,4010,11302,10855,46212,43640,45,52,3588,3544,88,80,1473,1438,4037,3885,12025,11255,47112,44431,50,61,3540,3378,68,71,1411,1402,3708,3590,10743,10348,46302,43853,58,54,3238,3149,79,80,1421,1437,3522,3341,9820,9472,46537,43909,52,36,3025,3139,82,73,1337,1488,3344,3079,10471,9721,48126,45271,44,50,3275,3136,71,78,1329,1450,3228,3087,10405,9864,49366,45817,46,47,3087,3025,75,83,1322,1421,3199,2971,10252,9968,49486,46915,42,55,3003,2900,95,127,1394,1364,3543,3281,13133,11980,53510,49851,40,48,3128,3180,86,91,1341,1432,3059,2776,10993,10814,51188,48703,51,58,2735,2731,100,85,1230,1333,2430,2518,9345,9617,45036,44279,42,49,2405,2442,83,85,1241,1330,2314,2305,9251,9684,44966,44239,30,40,2104,2280,-2,-2,-2,-2,-2,-2,-2,-2,-2,-2,-2,-2,-2,-2,-2,-2,-2,-2,-2,-2,-2,-2,-2,-2,-2,-2,-2,-2,-1,-1,-1,-1,-1,-1,-1,-1,-1,-1,-1,-1,-1,-1,2153,1056,1097,36689,18254,18435,88312,45206,43106,281873,144031,137842,1223964,629827,594137,1278,619,659,82316,41503,40813,R,R,R,R,R,R,R,R,R,R,R,R,R,R,A,A,R,R,R
2015-2016,40,OK,OKLAHOMA,OKLAHOMA STATE DEPARTMENT OF EDUCATION,41660,53462,55782,53560,54005,50354,47601,49466,49410,48858,51018,48890,45122,42088,-2,1602,-1,692878,692878,2907,2671,415,396,3716,3545,1717,1507,10679,9749,71,64,2104,2119,3531,3309,485,522,4763,4499,2223,2307,13688,12396,105,110,2808,2716,3785,3489,468,521,5149,4801,2534,2401,13930,12970,97,89,2849,2699,3562,3448,506,464,4834,4687,2370,2173,13329,12656,98,91,2757,2585,3669,3419,483,502,4913,4738,2564,2398,13390,12660,84,112,2613,2460,3561,3479,455,482,4460,4392,2307,2162,12478,11958,83,92,2262,2183,3503,3412,469,426,3852,3813,2027,1961,12569,11616,74,77,1943,1859,3865,3497,508,494,4147,4045,2252,2157,12688,11786,64,74,1971,1918,3696,3558,459,482,3988,3873,2305,2156,12778,12193,91,78,1980,1773,3882,3694,507,436,3894,3723,2257,2180,12528,11953,73,68,1800,1863,4028,3736,531,504,4026,3692,2429,2241,13399,12662,60,86,1823,1801,3807,3742,508,510,3675,3466,2378,2216,12904,12194,81,64,1693,1652,3518,3441,468,468,3114,2995,2083,2043,12218,11661,77,63,1455,1518,3320,3190,449,476,2660,2734,1947,1924,11525,11041,38,65,1335,1384,-2,-2,-2,-2,-2,-2,-2,-2,-2,-2,-2,-2,-2,-2,152,85,1,4,90,30,169,67,547,317,5,0,86,49,-1,-1,-1,-1,-1,-1,-1,-1,-1,-1,-1,-1,-1,-1,98956,50786,48170,13399,6712,6687,112314,57281,55033,61455,31562,29893,346462,178650,167812,2234,1101,1133,58058,29479,28579,R,R,R,R,R,R,R,R,R,R,R,R,R,R,A,R,R,R,R
2015-2016,41,OR,OREGON,Oregon Department of Education,-1,41625,43791,45461,45603,44558,43427,43782,43495,43067,44663,44521,43679,48735,-2,-2,0,576407,576407,-1,-1,-1,-1,-1,-1,-1,-1,-1,-1,-1,-1,-1,-1,257,256,747,770,4809,4643,503,498,13838,12706,143,143,1213,1099,306,266,830,772,5397,4895,567,519,14147,13255,161,150,1260,1266,318,248,854,808,5353,5402,572,516,14646,13567,170,185,1422,1400,321,294,857,841,5659,5218,538,496,14536,13791,169,143,1402,1338,310,315,827,907,5450,5179,482,529,14182,13344,168,167,1334,1364,298,291,849,859,5208,5029,520,456,14015,13022,155,166,1271,1288,358,308,873,884,4872,4653,464,492,14327,13667,178,143,1241,1322,293,311,883,907,5026,4728,512,512,14213,13345,144,166,1228,1227,335,320,879,829,4966,4701,511,481,14213,13255,155,134,1144,1144,336,337,888,930,4884,4662,547,504,14911,13869,126,158,1282,1229,353,383,937,960,4859,4565,569,515,14752,13920,150,144,1225,1189,371,324,931,889,4596,4301,632,478,14753,13815,158,148,1134,1149,448,348,1022,993,5364,4991,753,578,16323,15181,151,157,1258,1168,-2,-2,-2,-2,-2,-2,-2,-2,-2,-2,-2,-2,-2,-2,-2,-2,-2,-2,-2,-2,-2,-2,-2,-2,-2,-2,-2,-2,0,0,0,0,0,0,0,0,0,0,0,0,0,0,8305,4304,4001,22726,11377,11349,129410,66443,62967,13744,7170,6574,365593,188856,176737,4032,2028,2004,32597,16414,16183,R,R,R,R,R,R,R,R,R,R,R,R,R,R,A,A,R,R,R
2015-2016,42,PA,PENNSYLVANIA,Pennsylvania Department of Education,8201,120874,127764,131450,132179,130671,129637,132022,132565,131505,141412,137812,131401,129921,-2,-2,-1,1717414,1717414,17,15,156,138,537,556,1253,1149,1891,1805,8,3,309,364,93,90,2231,2017,7421,7140,9187,8686,40173,37179,60,69,3470,3058,91,114,2478,2398,7700,7312,10036,9667,42143,39418,49,55,3394,2909,100,115,2449,2351,7699,7264,10389,9850,43641,41126,46,51,3342,3027,98,101,2530,2491,7664,7307,10092,9866,44228,41597,68,52,3239,2846,100,82,2469,2418,7313,7119,9743,9551,44608,41798,65,54,2773,2578,118,106,2430,2448,7129,6720,9601,9404,44856,41991,41,44,2465,2284,97,103,2457,2581,7152,6586,9638,9329,46293,43484,51,49,2189,2013,97,110,2335,2552,6851,6403,9805,9431,46906,44354,46,51,1858,1766,100,115,2313,2447,6862,6255,9970,9394,46926,43957,50,43,1549,1524,104,106,2445,2507,7588,7185,11226,10288,49785,46861,46,62,1563,1646,91,110,2361,2538,6767,6336,10417,10013,49350,46846,70,62,1416,1435,87,93,2293,2348,5890,5670,9471,9250,47917,45865,55,53,1220,1189,91,79,2325,2387,5552,5249,8942,8843,48404,45769,39,45,1125,1071,-2,-2,-2,-2,-2,-2,-2,-2,-2,-2,-2,-2,-2,-2,-2,-2,-2,-2,-2,-2,-2,-2,-2,-2,-2,-2,-2,-2,-1,-1,-1,-1,-1,-1,-1,-1,-1,-1,-1,-1,-1,-1,2623,1284,1339,62893,31272,31621,179227,92125,87102,254491,129770,124721,1159171,597121,562050,1387,694,693,57622,29912,27710,R,R,R,R,R,R,R,R,R,R,R,R,R,R,A,A,R,R,R
2015-2016,44,RI,RHODE ISLAND,RHODE ISLAND DEPARTMENT OF EDUCATION,2450,9897,10483,10799,11013,10900,10792,11005,10859,10945,11677,10595,9847,10752,0,0,-1,142014,142014,9,11,42,38,270,188,93,51,962,687,4,4,65,26,47,35,185,156,1273,1203,414,368,2940,2730,6,11,268,261,38,37,189,174,1405,1294,453,438,3061,2853,9,7,259,266,32,38,195,188,1475,1389,440,465,3104,2951,4,5,259,254,35,37,185,181,1426,1420,466,448,3253,3021,9,11,256,265,36,32,188,173,1398,1359,441,391,3387,3037,5,7,238,208,33,40,169,176,1340,1304,487,405,3295,3096,8,2,221,216,36,50,182,186,1351,1252,455,426,3457,3187,13,7,208,195,36,29,172,148,1360,1175,444,444,3383,3293,6,2,186,181,45,32,176,175,1372,1206,457,409,3528,3190,9,9,174,163,48,36,173,168,1582,1400,509,493,3575,3303,8,13,196,173,41,40,176,163,1342,1177,435,425,3379,3073,6,4,174,160,38,31,144,145,1066,1085,444,417,3147,3033,8,7,141,141,45,42,165,173,1081,1129,475,443,3523,3403,11,12,127,123,0,0,0,0,0,0,0,0,0,0,0,0,0,0,0,0,0,0,0,0,0,0,0,0,0,0,0,0,-1,-1,-1,-1,-1,-1,-1,-1,-1,-1,-1,-1,-1,-1,1009,519,490,4585,2341,2244,34322,17741,16581,11636,6013,5623,84851,43994,40857,207,106,101,5404,2772,2632,R,R,R,R,R,R,R,R,R,R,R,R,R,R,R,R,R,R,R
2015-2016,45,SC,SOUTH CAROLINA,South Carolina Department of Education,24654,55389,60275,59994,60325,57740,56268,55958,56000,56150,65293,57691,50887,46909,-2,-2,-1,763533,763533,37,28,193,152,1704,1567,5141,4788,5381,4508,16,8,627,504,97,97,420,385,2705,2587,9689,9292,14193,13268,51,40,1315,1250,111,95,415,419,2940,2726,10678,10166,15506,14537,41,38,1269,1334,113,103,409,449,3008,2789,10645,10389,15215,14334,44,39,1247,1210,107,80,441,446,3038,2863,10780,10122,15449,14569,40,33,1196,1161,98,109,426,416,2847,2674,9970,9610,15074,14178,34,37,1123,1144,93,104,431,464,2605,2447,9410,9305,15030,14203,43,34,1060,1039,107,75,450,457,2474,2244,9479,9005,15286,14235,37,39,1068,1002,86,70,393,471,2404,2205,9665,9092,15264,14480,32,30,934,874,90,70,423,435,2343,2067,9684,9263,15503,14399,48,19,890,916,105,110,424,448,2514,2307,12568,10893,17835,16140,37,36,963,913,86,92,441,436,2056,1899,10065,9837,15885,15187,37,34,792,844,81,82,408,372,1596,1533,8321,8774,14310,14108,47,46,587,622,73,66,331,365,1359,1369,7663,8180,13256,13144,29,43,497,534,-2,-2,-2,-2,-2,-2,-2,-2,-2,-2,-2,-2,-2,-2,-2,-2,-2,-2,-2,-2,-2,-2,-2,-2,-2,-2,-2,-2,-1,-1,-1,-1,-1,-1,-1,-1,-1,-1,-1,-1,-1,-1,2465,1284,1181,11320,5605,5715,64870,33593,31277,262474,133758,128716,394477,203187,191290,1012,536,476,26915,13568,13347,R,R,R,R,R,R,R,R,R,R,R,R,R,R,A,A,R,R,R
2015-2016,46,SD,SOUTH DAKOTA,South Dakota Department of Education,3112,11552,10582,10809,10811,10460,10362,10024,9750,9549,10088,9625,8913,8616,-2,-2,-1,134253,134253,208,177,27,30,127,95,102,105,1116,960,2,3,88,72,724,651,90,77,373,340,180,143,4410,3972,6,3,300,283,653,593,84,75,322,323,150,150,3909,3825,5,12,249,232,653,673,81,86,331,297,174,139,3996,3838,3,5,277,256,652,650,81,90,329,304,180,146,4079,3815,5,7,230,243,653,607,83,87,281,256,148,166,3975,3781,2,5,235,181,651,627,86,68,306,285,146,145,3986,3702,8,3,170,179,600,637,79,94,233,224,162,123,3903,3627,3,5,169,165,559,565,85,85,239,233,145,119,3825,3630,1,6,130,128,592,505,77,92,227,194,116,120,3750,3637,3,5,113,118,655,625,81,96,232,223,186,161,4007,3580,6,3,120,113,446,455,99,113,256,217,142,121,4038,3531,8,6,102,91,381,333,99,91,191,150,113,116,3794,3444,0,4,101,96,296,312,106,92,188,157,129,109,3587,3477,3,4,69,87,-2,-2,-2,-2,-2,-2,-2,-2,-2,-2,-2,-2,-2,-2,-2,-2,-2,-2,-2,-2,-2,-2,-2,-2,-2,-2,-2,-2,-1,-1,-1,-1,-1,-1,-1,-1,-1,-1,-1,-1,-1,-1,15133,7723,7410,2334,1158,1176,6933,3635,3298,3936,2073,1863,101194,52375,48819,126,55,71,4597,2353,2244,R,R,R,R,R,R,R,R,R,R,R,R,R,R,A,A,R,R,R
2015-2016,47,TN,TENNESSEE,Tennessee Department of Education,30352,74240,75126,77501,78550,76904,75058,73959,73805,73899,77989,75317,69950,68585,-2,-2,-1,1001235,1001235,26,32,263,176,1759,1487,4674,4330,9185,7505,15,9,496,395,61,51,755,648,3997,3792,8416,7844,23883,22240,37,33,1235,1248,53,67,726,651,4053,3876,8558,8169,24060,22427,31,29,1191,1235,56,56,725,748,4236,4105,8749,8469,24801,23039,37,51,1197,1232,65,53,726,721,4400,4139,8792,8381,24979,23873,38,37,1168,1178,75,48,782,771,3973,3872,8526,8255,24924,23490,31,30,1070,1057,54,52,669,742,3679,3630,8179,8002,24851,23330,26,40,887,917,77,60,669,810,3312,3197,8267,7939,24827,23263,59,33,712,734,57,59,682,770,3247,3030,8329,8195,24560,23398,35,37,710,696,70,61,686,671,3067,2899,8352,8144,24892,23664,30,30,666,667,68,61,737,662,3542,2983,9295,8756,26216,24284,40,38,673,634,68,51,641,721,2918,2744,8499,8567,25579,24195,40,32,606,656,65,73,623,637,2272,2088,7744,7792,24477,23093,38,28,485,535,68,64,608,648,2141,1968,7873,8300,23525,22482,29,33,403,443,-2,-2,-2,-2,-2,-2,-2,-2,-2,-2,-2,-2,-2,-2,-2,-2,-2,-2,-2,-2,-2,-2,-2,-2,-2,-2,-2,-2,-1,-1,-1,-1,-1,-1,-1,-1,-1,-1,-1,-1,-1,-1,1651,863,788,18668,9292,9376,90406,46596,43810,225396,114253,111143,641042,330759,310283,946,486,460,23126,11499,11627,R,R,R,R,R,R,R,R,R,R,R,R,R,R,A,A,R,R,R
2015-2016,48,TX,TEXAS,TEXAS EDUCATION AGENCY,243496,376824,410000,411307,409407,397085,394152,390566,389561,386627,429386,386870,352488,323708,0,0,0,5301477,5301477,434,409,4521,3908,78180,74293,18274,17368,22447,18722,174,146,2524,2096,1074,1018,7912,7542,99411,95614,23309,22214,56738,52062,310,260,4794,4566,979,922,8286,7913,111408,105973,25996,24571,58924,54737,310,261,4912,4808,825,766,8714,8174,111621,106197,26111,24629,58812,55427,261,304,4838,4628,778,742,8251,7995,110982,105508,26439,24784,58898,55273,284,312,4650,4511,777,726,8165,7825,106701,102048,25412,24295,57777,54152,279,298,4394,4236,671,742,8316,7911,105663,100694,25009,23881,58218,54343,246,263,4154,4041,684,649,8314,8012,103670,99525,24771,23810,58073,54455,265,251,4073,4014,756,708,8194,7850,103157,98558,24822,23663,58658,55062,265,250,3850,3768,688,702,7928,7667,101959,97117,24864,23592,59083,55275,263,246,3664,3579,924,813,8423,7951,117157,107275,29459,26393,63870,58853,327,291,3915,3735,791,660,7935,7647,99763,95460,25323,23977,60827,56965,283,265,3448,3526,722,658,7267,6974,87546,85904,22631,22448,56413,55018,289,257,3125,3236,670,639,7146,6692,78576,78471,20435,20349,53555,50898,246,201,2833,2997,0,0,0,0,0,0,0,0,0,0,0,0,0,0,0,0,0,0,0,0,0,0,0,0,0,0,0,0,0,0,0,0,0,0,0,0,0,0,0,0,0,0,20927,10773,10154,213433,109372,104061,2768431,1415794,1352637,668829,342855,325974,1513535,782293,731242,7407,3802,3605,108915,55174,53741,R,R,R,R,R,R,R,R,R,R,R,R,R,R,R,R,R,R,R
2015-2016,49,UT,UTAH,Utah State Office of Education,13838,48293,50322,51884,52149,50918,49546,49581,49132,47904,47672,47215,45588,43828,-2,-2,-1,647870,647870,128,115,194,150,1679,1252,130,96,5888,3792,116,110,121,67,261,227,371,350,4030,3906,329,311,18824,17714,406,366,613,585,274,289,401,401,4321,4219,383,314,19347,18385,413,351,609,615,284,285,412,406,4500,4260,399,346,20085,18793,410,392,676,636,300,259,379,382,4546,4244,392,309,20328,18897,440,359,702,612,269,257,385,403,4288,4036,361,321,19851,18656,392,380,689,630,256,242,376,404,4220,4048,342,296,19179,18174,401,360,611,637,285,260,386,444,4236,3992,348,313,18999,18412,392,359,555,600,276,301,426,426,4136,4136,359,297,18835,18074,399,371,534,562,281,255,398,401,4103,3929,348,332,18493,17596,372,355,541,500,308,281,402,398,4026,3865,363,319,18367,17553,379,346,543,522,292,296,443,498,3911,3637,326,311,18206,17496,380,349,540,530,275,275,453,433,3758,3484,349,304,17702,16793,383,370,520,489,286,245,458,407,3495,3323,310,292,17297,16071,356,365,478,445,-2,-2,-2,-2,-2,-2,-2,-2,-2,-2,-2,-2,-2,-2,-2,-2,-2,-2,-2,-2,-2,-2,-2,-2,-2,-2,-2,-2,-1,-1,-1,-1,-1,-1,-1,-1,-1,-1,-1,-1,-1,-1,7362,3775,3587,10987,5484,5503,107580,55249,52331,8900,4739,4161,487807,251401,236406,10072,5239,4833,15162,7732,7430,R,R,R,R,R,R,R,R,R,R,R,R,R,R,A,A,R,R,R
2015-2016,50,VT,VERMONT,Vermont Agency of Education,7279,5863,5776,6198,6206,5975,6191,6088,6115,6173,6650,6503,6578,6271,-2,-2,709,88575,87866,4,0,76,67,49,47,64,60,3584,3140,2,3,79,104,0,3,55,54,48,50,47,54,2830,2502,2,1,104,113,1,2,56,46,56,42,61,45,2705,2525,6,3,109,119,5,3,45,51,53,55,66,64,2890,2747,1,1,111,106,6,2,61,42,62,62,63,60,2873,2763,1,0,109,102,6,7,46,61,63,56,51,58,2759,2637,1,4,122,104,10,3,65,54,46,57,61,51,2948,2669,5,0,109,113,6,7,64,51,52,56,62,60,2885,2628,3,3,104,107,9,8,69,70,56,30,73,50,2856,2688,3,2,106,95,6,11,61,61,57,54,54,52,2860,2789,1,3,78,86,16,11,80,60,56,56,71,71,3122,2920,0,2,92,93,15,12,52,87,77,57,91,79,3070,2821,1,0,94,47,18,17,65,77,61,63,80,69,3129,2861,1,2,72,63,12,5,75,93,64,58,58,62,2946,2781,2,1,55,59,-2,-2,-2,-2,-2,-2,-2,-2,-2,-2,-2,-2,-2,-2,-2,-2,-2,-2,-2,-2,-2,-2,-2,-2,-2,-2,-2,-2,4,0,2,1,1,0,62,3,509,95,2,0,28,2,205,114,91,1744,870,874,1543,800,743,1737,902,835,79928,41457,38471,54,29,25,2655,1344,1311,R,R,R,R,R,R,R,R,R,R,R,R,R,R,A,A,R,R,R
2015-2016,51,VA,VIRGINIA,Virginia Department of Education,33453,90942,96422,98697,99241,96851,95387,96016,94579,95221,104133,99977,92280,90391,-2,-2,-1,1283590,1283590,48,41,871,599,3283,2679,6033,5392,7320,5393,39,15,982,758,120,122,3040,2925,7415,7172,10444,9681,23165,21221,71,84,2835,2647,142,150,3311,3191,7899,7537,10840,10661,24302,22524,92,79,2872,2822,139,137,3455,3332,7909,7724,11321,10948,24578,23271,76,77,2862,2868,152,153,3422,3256,8140,7577,11387,11019,25056,23348,82,76,2852,2721,137,153,3314,3322,7561,7285,10995,10562,24830,23295,76,68,2631,2622,142,130,3432,3200,7176,6592,10830,10385,24960,23393,81,66,2523,2477,119,116,3426,3327,6679,6528,10851,10530,25435,23847,75,75,2601,2407,124,120,3287,3212,6568,6104,10854,10617,24988,23777,83,84,2386,2375,130,143,3258,3209,6546,6227,11270,10413,25360,23910,50,69,2350,2286,144,162,3326,3231,7608,6688,13066,11960,27581,25509,76,90,2346,2346,166,161,3205,3141,7153,6425,11882,11258,26956,25133,76,69,2192,2160,144,143,3050,2994,6246,5704,10224,10205,25405,24012,65,66,1995,2027,127,136,3085,2898,5353,4974,9961,10345,25697,23916,65,57,1812,1965,-2,-2,-2,-2,-2,-2,-2,-2,-2,-2,-2,-2,-2,-2,-2,-2,-2,-2,-2,-2,-2,-2,-2,-2,-2,-2,-2,-2,-1,-1,-1,-1,-1,-1,-1,-1,-1,-1,-1,-1,-1,-1,3701,1834,1867,85319,43482,41837,184752,95536,89216,293934,149958,143976,648182,335633,312549,1982,1007,975,65720,33239,32481,R,R,R,R,R,R,R,R,R,R,R,R,R,R,A,A,R,R,R
2015-2016,53,WA,WASHINGTON,Office of Superintendent of Public Instruction,13733,79692,83762,85395,85010,82404,80643,80274,79826,79483,83094,82905,81551,89258,0,-2,-1,1087030,1087030,150,68,448,213,2328,1089,386,165,5182,2503,41,36,799,325,451,438,2730,2630,9924,9412,1658,1596,22320,20756,400,356,3553,3468,501,454,2986,2733,10337,10205,1862,1677,23072,21829,448,435,3695,3528,525,500,3160,2965,10485,10303,1756,1792,23473,22195,456,429,3730,3626,514,453,3073,2972,10651,9919,1914,1795,23477,22199,467,445,3697,3434,497,475,2972,2877,10092,9555,1906,1742,23145,21654,448,423,3357,3261,501,498,3033,3030,9688,9125,1818,1674,22904,21441,497,422,3026,2986,545,514,3117,3116,9195,8979,1780,1690,23139,21599,450,416,2971,2763,576,555,3127,3075,8919,8634,1753,1727,23237,21858,421,416,2771,2757,548,530,3075,3040,8815,8341,1814,1714,23221,22229,406,436,2673,2641,596,583,3252,3110,9071,8607,1868,1792,24872,23067,426,443,2756,2651,568,557,3138,3076,8570,8117,2016,1831,25099,23597,458,461,2765,2652,565,545,3023,2991,8201,7771,1933,1825,25000,23744,396,356,2682,2519,660,620,3460,3212,8809,8347,2328,2124,27794,25800,440,389,2719,2556,-1,-1,-1,-1,-1,-1,-1,-1,-1,-1,-1,-1,-1,-1,-2,-2,-2,-2,-2,-2,-2,-2,-2,-2,-2,-2,-2,-2,-1,-1,-1,-1,-1,-1,-1,-1,-1,-1,-1,-1,-1,-1,13987,7197,6790,79634,40594,39040,243489,125085,118404,47936,24792,23144,610406,315935,294471,11217,5754,5463,80361,41194,39167,R,R,R,R,R,R,R,R,R,R,R,R,R,R,R,A,R,R,R
2015-2016,54,WV,WEST VIRGINIA,West Virginia Department of Education,15077,20163,20418,20485,20494,19814,20043,20320,20070,20426,22154,20712,18844,18432,-2,-2,-1,277452,277452,7,8,41,42,124,81,296,241,7388,6305,4,3,281,256,6,8,43,52,171,156,374,351,9496,8783,9,8,371,335,8,8,75,51,188,169,431,392,9373,8965,3,6,391,358,13,16,67,51,182,200,410,372,9555,8865,4,4,394,352,5,8,63,67,196,186,417,398,9519,8878,5,7,387,358,11,11,71,60,177,154,453,404,9189,8585,7,12,359,321,13,9,73,64,177,190,459,390,9476,8591,5,8,289,299,16,7,55,70,177,152,455,435,9489,8910,3,2,285,264,8,8,66,75,139,154,499,468,9425,8763,5,3,241,216,12,9,78,62,157,134,531,492,9588,9003,3,2,180,175,12,7,68,77,164,170,620,511,10598,9531,3,3,185,205,17,13,71,87,156,133,580,496,9634,9206,3,6,165,145,12,10,59,75,130,118,507,458,8652,8571,3,5,121,123,15,10,77,91,124,109,459,461,8469,8424,2,3,100,88,-2,-2,-2,-2,-2,-2,-2,-2,-2,-2,-2,-2,-2,-2,-2,-2,-2,-2,-2,-2,-2,-2,-2,-2,-2,-2,-2,-2,-1,-1,-1,-1,-1,-1,-1,-1,-1,-1,-1,-1,-1,-1,287,155,132,1831,907,924,4368,2262,2106,12360,6491,5869,251231,129851,121380,131,59,72,7244,3749,3495,R,R,R,R,R,R,R,R,R,R,R,R,R,R,A,A,R,R,R
2015-2016,55,WI,WISCONSIN,Wisconsin Dept of Public Instruction,55907,58078,60459,61405,62323,60999,60924,61677,61048,61084,67070,65926,64647,66253,0,-2,0,867800,867800,289,254,1184,1090,3690,3377,3096,2904,20127,17629,32,21,1120,1094,389,339,1181,1155,3744,3498,2871,2715,20508,19301,30,28,1169,1150,363,345,1299,1280,3966,3656,3066,2987,21269,19839,37,32,1183,1137,343,377,1202,1196,3920,3762,3130,2879,21760,20528,31,25,1103,1149,386,398,1165,1244,3912,3764,3043,2920,22399,20790,24,33,1099,1146,394,372,1199,1202,3821,3717,2988,2887,21918,20426,21,24,1013,1017,414,352,1176,1185,3609,3492,2926,2728,22227,20921,26,35,926,907,381,368,1143,1199,3693,3269,2906,2692,22766,21452,20,18,876,894,401,354,1097,1141,3542,3302,2868,2608,22814,21306,26,18,744,827,383,380,1072,1125,3377,3225,2876,2732,22893,21444,16,17,763,781,409,399,1185,1166,3699,3406,3768,3246,24810,23339,26,24,779,814,408,356,1145,1182,3281,3133,3112,2972,25112,23663,33,23,732,774,381,362,1096,1158,3091,3006,2963,2830,24751,23626,25,25,691,642,403,406,1133,1116,3036,2859,2917,2578,26001,24323,31,27,712,711,0,0,0,0,0,0,0,0,0,0,0,0,0,0,-2,-2,-2,-2,-2,-2,-2,-2,-2,-2,-2,-2,-2,-2,0,0,0,0,0,0,0,0,0,0,0,0,0,0,10406,5344,5062,32716,16277,16439,97847,50381,47466,82208,42530,39678,617942,319355,298587,728,378,350,25953,12910,13043,R,R,R,R,R,R,R,R,R,R,R,R,R,R,R,A,R,R,R
2015-2016,56,WY,WYOMING,Wyoming Department of Education,509,7841,7660,7704,7839,7551,7451,7155,7191,6902,7248,6919,6448,6299,0,0,0,94717,94717,36,21,2,1,55,35,7,4,148,182,1,1,7,9,158,135,26,20,607,574,52,23,3052,2972,6,3,102,111,122,155,24,26,594,559,48,33,3044,2867,6,7,93,82,140,142,35,21,562,586,48,48,2987,2913,7,9,103,103,149,149,40,20,527,517,40,50,3222,2916,2,9,98,100,137,148,23,35,564,540,50,32,3065,2811,4,5,74,63,165,127,33,29,561,602,39,37,2886,2806,8,5,70,83,142,128,32,40,530,496,46,55,2922,2611,4,4,70,75,129,148,39,38,508,476,40,31,2925,2695,6,4,81,71,136,123,29,37,482,457,46,23,2834,2584,6,4,70,71,153,122,30,26,568,475,52,37,2902,2715,13,7,83,65,101,102,29,27,486,444,52,49,2883,2612,5,8,60,61,78,71,37,27,430,370,28,36,2712,2553,5,2,45,54,74,76,31,36,383,373,41,32,2607,2535,6,3,49,53,0,0,0,0,0,0,0,0,0,0,0,0,0,0,0,0,0,0,0,0,0,0,0,0,0,0,0,0,0,0,0,0,0,0,0,0,0,0,0,0,0,0,3367,1720,1647,793,410,383,13361,6857,6504,1079,589,490,73961,38189,35772,150,79,71,2006,1005,1001,R,R,R,R,R,R,R,R,R,R,R,R,R,R,R,R,R,R,R
2015-2016,59,BI,BUREAU OF INDIAN EDUCATION,Bureau of Indian Education,-1,-1,-1,-1,-1,-1,-1,-1,-1,-1,-1,-1,-1,-1,-2,-2,-1,-1,-1,-1,-1,-1,-1,-1,-1,-1,-1,-1,-1,-1,-1,-1,-1,-1,-1,-1,-1,-1,-1,-1,-1,-1,-1,-1,-1,-1,-1,-1,-1,-1,-1,-1,-1,-1,-1,-1,-1,-1,-1,-1,-1,-1,-1,-1,-1,-1,-1,-1,-1,-1,-1,-1,-1,-1,-1,-1,-1,-1,-1,-1,-1,-1,-1,-1,-1,-1,-1,-1,-1,-1,-1,-1,-1,-1,-1,-1,-1,-1,-1,-1,-1,-1,-1,-1,-1,-1,-1,-1,-1,-1,-1,-1,-1,-1,-1,-1,-1,-1,-1,-1,-1,-1,-1,-1,-1,-1,-1,-1,-1,-1,-1,-1,-1,-1,-1,-1,-1,-1,-1,-1,-1,-1,-1,-1,-1,-1,-1,-1,-1,-1,-1,-1,-1,-1,-1,-1,-1,-1,-1,-1,-1,-1,-1,-1,-1,-1,-1,-1,-1,-1,-1,-1,-1,-1,-1,-1,-1,-1,-1,-1,-1,-1,-1,-1,-1,-1,-1,-1,-1,-1,-1,-1,-1,-1,-1,-1,-1,-1,-1,-1,-1,-1,-1,-1,-1,-1,-1,-1,-1,-1,-1,-1,-1,-1,-1,-2,-2,-2,-2,-2,-2,-2,-2,-2,-2,-2,-2,-2,-2,-2,-2,-2,-2,-2,-2,-2,-2,-2,-2,-2,-2,-2,-2,-1,-1,-1,-1,-1,-1,-1,-1,-1,-1,-1,-1,-1,-1,-1,-1,-1,-1,-1,-1,-1,-1,-1,-1,-1,-1,-1,-1,-1,-1,-1,-1,-1,-1,-1,R,R,R,R,R,R,R,R,R,R,R,R,R,R,A,A,R,R,R
2015-2016,60,AS,AMERICAN SAMOA,AMERICAN SAMOA,-1,-1,-1,-1,-1,-1,-1,-1,-1,-1,-1,-1,-1,-1,-2,-2,-1,-1,-1,-1,-1,-1,-1,-1,-1,-1,-1,-1,-1,-1,-1,-1,-1,-1,-1,-1,-1,-1,-1,-1,-1,-1,-1,-1,-1,-1,-1,-1,-1,-1,-1,-1,-1,-1,-1,-1,-1,-1,-1,-1,-1,-1,-1,-1,-1,-1,-1,-1,-1,-1,-1,-1,-1,-1,-1,-1,-1,-1,-1,-1,-1,-1,-1,-1,-1,-1,-1,-1,-1,-1,-1,-1,-1,-1,-1,-1,-1,-1,-1,-1,-1,-1,-1,-1,-1,-1,-1,-1,-1,-1,-1,-1,-1,-1,-1,-1,-1,-1,-1,-1,-1,-1,-1,-1,-1,-1,-1,-1,-1,-1,-1,-1,-1,-1,-1,-1,-1,-1,-1,-1,-1,-1,-1,-1,-1,-1,-1,-1,-1,-1,-1,-1,-1,-1,-1,-1,-1,-1,-1,-1,-1,-1,-1,-1,-1,-1,-1,-1,-1,-1,-1,-1,-1,-1,-1,-1,-1,-1,-1,-1,-1,-1,-1,-1,-1,-1,-1,-1,-1,-1,-1,-1,-1,-1,-1,-1,-1,-1,-1,-1,-1,-1,-1,-1,-1,-1,-1,-1,-1,-1,-1,-1,-1,-1,-1,-2,-2,-2,-2,-2,-2,-2,-2,-2,-2,-2,-2,-2,-2,-2,-2,-2,-2,-2,-2,-2,-2,-2,-2,-2,-2,-2,-2,-1,-1,-1,-1,-1,-1,-1,-1,-1,-1,-1,-1,-1,-1,-1,-1,-1,-1,-1,-1,-1,-1,-1,-1,-1,-1,-1,-1,-1,-1,-1,-1,-1,-1,-1,R,R,R,R,R,R,R,R,R,R,R,R,R,R,A,A,R,R,R
2015-2016,63,DD,DEPARTMENT OF DEFENSE EDUCATION ACTIVITY,Department of Defense Education Activity,3991,7470,7340,7366,7109,6645,6004,5517,5074,4839,3911,3614,3166,2924,-2,-2,-1,74970,74970,20,10,79,62,457,404,202,227,1134,860,30,24,215,159,16,24,176,184,821,724,387,406,1858,1722,70,52,434,413,15,17,223,176,757,767,442,397,1701,1684,69,60,424,441,21,17,196,228,755,762,466,442,1708,1648,63,53,409,423,16,7,185,194,751,773,451,410,1668,1558,57,67,407,408,13,16,200,205,697,658,399,445,1527,1488,52,59,383,360,17,19,192,187,615,639,393,386,1341,1304,41,65,358,326,12,14,190,169,581,521,360,348,1294,1225,34,46,324,301,17,5,152,173,516,505,345,355,1112,1164,37,40,283,295,10,15,197,179,518,479,305,353,1075,1017,42,56,248,270,12,15,157,145,353,361,265,246,880,870,42,27,236,245,12,14,139,174,365,355,240,245,786,727,37,39,214,197,9,12,127,134,345,302,215,198,664,631,31,33,215,179,5,9,138,137,303,255,167,193,639,602,33,30,171,186,-2,-2,-2,-2,-2,-2,-2,-2,-2,-2,-2,-2,-2,-2,-2,-2,-2,-2,-2,-2,-2,-2,-2,-2,-2,-2,-2,-2,-1,-1,-1,-1,-1,-1,-1,-1,-1,-1,-1,-1,-1,-1,389,195,194,4698,2351,2347,15339,7834,7505,9288,4637,4651,33887,17387,16500,1289,638,651,8524,4321,4203,R,R,R,R,R,R,R,R,R,R,R,R,R,R,A,A,R,R,R
2015-2016,66,GU,GUAM,Guam Department of Education,514,2055,2272,2378,2350,2261,2260,2252,2185,2238,3312,2707,2368,1669,-2,-2,-1,30821,30821,0,0,30,20,0,0,0,0,0,0,202,205,26,31,1,0,218,187,1,2,1,2,10,8,821,772,19,13,1,1,225,211,4,1,4,3,8,7,909,860,16,22,0,0,245,213,3,4,1,3,11,5,950,903,21,19,0,0,235,211,3,3,0,2,6,5,982,851,27,25,1,1,269,243,5,3,2,3,11,7,870,799,25,22,3,1,268,238,2,1,0,0,9,9,860,835,18,16,0,0,288,252,1,0,0,2,5,6,891,776,16,15,2,0,290,244,5,0,2,1,3,7,840,761,16,14,0,0,317,241,1,4,0,0,2,7,849,777,20,20,1,0,378,329,0,0,3,5,8,11,1388,1128,32,29,0,0,381,315,0,0,5,1,8,12,1055,869,32,29,2,0,377,333,3,0,1,2,7,3,843,746,28,23,1,0,276,264,1,0,1,1,7,2,526,537,24,29,-2,-2,-2,-2,-2,-2,-2,-2,-2,-2,-2,-2,-2,-2,-2,-2,-2,-2,-2,-2,-2,-2,-2,-2,-2,-2,-2,-2,-1,-1,-1,-1,-1,-1,-1,-1,-1,-1,-1,-1,-1,-1,15,12,3,7098,3797,3301,47,29,18,45,20,25,184,95,89,22805,11986,10819,627,320,307,R,R,R,R,R,R,R,R,R,R,R,R,R,R,A,A,R,R,R
2015-2016,72,PR,PUERTO RICO,PUERTO RICO DEPARTMENT OF EDUCATION,2728,23228,29289,27418,27882,27753,28851,27682,28397,29884,28654,29375,28818,26700,-2,13159,-1,379818,379818,1,1,-1,-1,1353,1371,-1,-1,1,1,-1,-1,0,0,8,7,2,2,11796,11374,1,-1,20,16,-1,2,0,0,12,4,2,4,15190,14012,5,2,28,28,1,1,0,0,9,12,2,3,13936,13414,2,-1,22,16,1,1,0,0,14,11,2,1,14324,13480,2,1,23,23,-1,1,0,0,16,21,4,-1,14089,13567,1,5,27,22,1,-1,0,0,19,8,3,5,14625,14150,5,3,16,17,-1,-1,0,0,11,13,2,1,13961,13660,1,5,15,11,1,1,0,0,14,11,2,3,14668,13661,3,2,19,11,2,1,0,0,23,19,1,3,15119,14680,1,5,21,12,-1,-1,0,0,11,11,-1,1,14202,14392,5,3,12,13,1,3,0,0,4,9,1,-1,14360,14955,2,3,17,22,1,1,0,0,10,12,1,1,13964,14782,2,8,12,23,2,1,0,0,10,11,-1,4,12517,14116,1,2,18,18,2,1,0,0,-2,-2,-2,-2,-2,-2,-2,-2,-2,-2,-2,-2,-2,-2,4,1,3,1,9380,3751,3,-1,13,2,-1,1,0,0,-1,-1,-1,-1,-1,-1,-1,-1,-1,-1,-1,-1,-1,-1,317,166,151,54,25,29,378849,193484,185365,73,34,39,499,264,235,26,12,14,0,0,0,R,R,R,R,R,R,R,R,R,R,R,R,R,R,A,R,R,R,R
2015-2016,78,VI,U.S. VIRGIN ISLANDS,U.S. Virgin Islands Department of Education,-1,963,1041,1106,1028,1100,1068,1064,1098,1035,1464,990,934,914,-2,-2,-1,13805,13805,-1,-1,-1,-1,-1,-1,-1,-1,-1,-1,-1,-1,-1,-1,2,0,2,5,141,130,369,297,10,6,0,0,0,1,0,1,2,3,97,115,375,424,7,12,0,0,2,3,0,1,6,4,98,118,451,409,9,8,0,0,0,2,0,1,2,4,95,91,410,402,16,7,0,0,0,0,0,1,3,3,98,94,454,422,8,15,0,1,0,1,0,0,0,2,117,98,428,392,12,10,1,1,2,5,0,0,2,1,111,111,412,394,9,10,2,1,4,7,0,0,1,3,112,117,474,372,7,6,0,0,3,3,0,1,2,0,101,111,435,371,6,4,0,2,2,0,1,0,2,3,119,122,628,566,8,8,1,1,2,3,1,1,2,1,108,89,370,399,7,4,1,0,5,2,0,1,0,1,75,78,392,367,11,3,1,0,3,2,1,0,2,1,57,84,394,355,4,5,0,1,5,5,-2,-2,-2,-2,-2,-2,-2,-2,-2,-2,-2,-2,-2,-2,-2,-2,-2,-2,-2,-2,-2,-2,-2,-2,-2,-2,-2,-2,-1,-1,-1,-1,-1,-1,-1,-1,-1,-1,-1,-1,-1,-1,12,5,7,57,26,31,2687,1329,1358,10762,5592,5170,212,114,98,13,6,7,62,28,34,R,R,R,R,R,R,R,R,R,R,R,R,R,R,A,A,R,R,R
